pango,mutation,ratio,mutations_in_pango,unique_pango,number_mutations,ratio_pangos_with_mutation
B.1,C3036T,0.9967741935483871,3,44,44,1.0
B.1,C14407T,0.9978494623655914,3,44,44,1.0
B.1,A23402G,1.0,3,44,44,1.0
B.1.1,C3036T,0.9908256880733946,6,44,44,1.0
B.1.1,C14407T,1.0,6,44,44,1.0
B.1.1,A23402G,1.0,6,44,44,1.0
B.1.1,G28880A,1.0,6,44,10,0.22727272727272727
B.1.1,G28881A,1.0,6,44,10,0.22727272727272727
B.1.1,G28882C,1.0,6,44,10,0.22727272727272727
B.1.160,C3036T,0.998703823720026,19,44,44,1.0
B.1.160,C4542T,0.9844458846403111,19,44,1,0.022727272727272728
B.1.160,G5628T,0.9468567725210628,19,44,1,0.022727272727272728
B.1.160,G9525T,0.9915748541801686,19,44,1,0.022727272727272728
B.1.160,C11496T,0.9948152948801037,19,44,1,0.022727272727272728
B.1.160,G13992T,0.9974076474400518,19,44,1,0.022727272727272728
B.1.160,C14407T,0.9967595593000648,19,44,44,1.0
B.1.160,G15765T,0.9974076474400518,19,44,1,0.022727272727272728
B.1.160,A16888G,0.9954633830200907,19,44,1,0.022727272727272728
B.1.160,G17018T,0.9967595593000648,19,44,1,0.022727272727272728
B.1.160,C18876T,0.9961114711600778,19,44,2,0.045454545454545456
B.1.160,G22991A,0.9902786779001944,19,44,3,0.06818181818181818
B.1.160,A23402G,1.0,19,44,44,1.0
B.1.160,G25562T,0.998703823720026,19,44,3,0.06818181818181818
B.1.160,C25709T,0.9682436811406351,19,44,1,0.022727272727272728
B.1.160,C26734T,0.9980557355800389,19,44,2,0.045454545454545456
B.1.160,T26875C,0.9980557355800389,19,44,1,0.022727272727272728
B.1.160,G28974C,0.9747245625405055,19,44,1,0.022727272727272728
B.1.160,G29398A,0.9559300064808814,19,44,1,0.022727272727272728
B.1.1.302,C3036T,1.0,13,44,44,1.0
B.1.1.302,C7266T,0.9849624060150376,13,44,1,0.022727272727272728
B.1.1.302,C9119T,0.9924812030075187,13,44,1,0.022727272727272728
B.1.1.302,C14407T,1.0,13,44,44,1.0
B.1.1.302,C18031T,1.0,13,44,1,0.022727272727272728
B.1.1.302,C20232T,0.9924812030075187,13,44,1,0.022727272727272728
B.1.1.302,A23402G,1.0,13,44,44,1.0
B.1.1.302,G24925T,1.0,13,44,1,0.022727272727272728
B.1.1.302,A27673T,0.9849624060150376,13,44,1,0.022727272727272728
B.1.1.302,G28880A,0.9924812030075187,13,44,10,0.22727272727272727
B.1.1.302,G28881A,0.9924812030075187,13,44,10,0.22727272727272727
B.1.1.302,G28882C,0.9924812030075187,13,44,10,0.22727272727272727
B.1.1.302,A29349G,0.9924812030075187,13,44,1,0.022727272727272728
B.1.177,T444C,0.9880893300248139,9,44,6,0.13636363636363635
B.1.177,C3036T,0.9995037220843672,9,44,44,1.0
B.1.177,C6285T,0.9841191066997519,9,44,6,0.13636363636363635
B.1.177,C14407T,0.998014888337469,9,44,44,1.0
B.1.177,G21254C,0.9935483870967742,9,44,6,0.13636363636363635
B.1.177,C22226T,0.9950372208436724,9,44,8,0.18181818181818182
B.1.177,A23402G,0.9995037220843672,9,44,44,1.0
B.1.177,C26800G,0.9900744416873449,9,44,5,0.11363636363636363
B.1.177,C28931T,0.9612903225806452,9,44,6,0.13636363636363635
B.1.258,C3036T,1.0,8,44,44,1.0
B.1.258,T7766C,0.9817275747508306,8,44,2,0.045454545454545456
B.1.258,C8046T,0.9983388704318937,8,44,2,0.045454545454545456
B.1.258,C14407T,0.9983388704318937,8,44,44,1.0
B.1.258,C17103T,0.9966777408637874,8,44,2,0.045454545454545456
B.1.258,A20267G,0.9983388704318937,8,44,2,0.045454545454545456
B.1.258,C22878A,0.9833887043189369,8,44,2,0.045454545454545456
B.1.258,A23402G,1.0,8,44,44,1.0
B.1.177.82,T444C,1.0,13,44,6,0.13636363636363635
B.1.177.82,C1512T,1.0,13,44,1,0.022727272727272728
B.1.177.82,C3036T,0.9990697674418605,13,44,44,1.0
B.1.177.82,C6285T,0.9916279069767442,13,44,6,0.13636363636363635
B.1.177.82,C14407T,0.9990697674418605,13,44,44,1.0
B.1.177.82,G21254C,0.9990697674418605,13,44,6,0.13636363636363635
B.1.177.82,C22226T,0.9990697674418605,13,44,8,0.18181818181818182
B.1.177.82,G22345T,0.9218604651162791,13,44,2,0.045454545454545456
B.1.177.82,C22376T,0.9972093023255814,13,44,1,0.022727272727272728
B.1.177.82,A23402G,1.0,13,44,44,1.0
B.1.177.82,C26800G,0.987906976744186,13,44,5,0.11363636363636363
B.1.177.82,G28377T,1.0,13,44,2,0.045454545454545456
B.1.177.82,C28931T,0.9851162790697674,13,44,6,0.13636363636363635
B.1.221,C3036T,1.0,12,44,44,1.0
B.1.221,C3601T,0.9824016563146998,12,44,1,0.022727272727272728
B.1.221,C6940T,0.9658385093167702,12,44,1,0.022727272727272728
B.1.221,C14407T,0.9968944099378882,12,44,44,1.0
B.1.221,C15323T,0.9937888198757764,12,44,1,0.022727272727272728
B.1.221,C21854T,0.9968944099378882,12,44,1,0.022727272727272728
B.1.221,A23402G,1.0,12,44,44,1.0
B.1.221,A25504G,0.9989648033126294,12,44,1,0.022727272727272728
B.1.221,G25905C,0.9813664596273292,12,44,1,0.022727272727272728
B.1.221,G25995T,0.9906832298136646,12,44,2,0.045454545454545456
B.1.221,C28650T,0.9886128364389234,12,44,1,0.022727272727272728
B.1.221,C28868T,0.9813664596273292,12,44,1,0.022727272727272728
B.1.177.21,T444C,0.9965986394557823,11,44,6,0.13636363636363635
B.1.177.21,C3036T,1.0,11,44,44,1.0
B.1.177.21,C6285T,0.9931972789115646,11,44,6,0.13636363636363635
B.1.177.21,C14407T,0.9965986394557823,11,44,44,1.0
B.1.177.21,T16241A,1.0,11,44,1,0.022727272727272728
B.1.177.21,G21254C,1.0,11,44,6,0.13636363636363635
B.1.177.21,C22226T,1.0,11,44,8,0.18181818181818182
B.1.177.21,A23402G,1.0,11,44,44,1.0
B.1.177.21,C26800G,0.9965986394557823,11,44,5,0.11363636363636363
B.1.177.21,C27943T,0.9965986394557823,11,44,2,0.045454545454545456
B.1.177.21,C28931T,0.9727891156462585,11,44,6,0.13636363636363635
B.1.177.86,T444C,0.9929178470254958,13,44,6,0.13636363636363635
B.1.177.86,C3036T,1.0,13,44,44,1.0
B.1.177.86,C6039T,0.9929178470254958,13,44,1,0.022727272727272728
B.1.177.86,C6285T,0.9844192634560907,13,44,6,0.13636363636363635
B.1.177.86,C14407T,0.9985835694050992,13,44,44,1.0
B.1.177.86,G21254C,0.9985835694050992,13,44,6,0.13636363636363635
B.1.177.86,C21613T,0.9929178470254958,13,44,1,0.022727272727272728
B.1.177.86,C22226T,0.9985835694050992,13,44,8,0.18181818181818182
B.1.177.86,A23402G,1.0,13,44,44,1.0
B.1.177.86,C26800T,1.0,13,44,1,0.022727272727272728
B.1.177.86,G27869T,0.9985835694050992,13,44,1,0.022727272727272728
B.1.177.86,C27943T,0.9971671388101983,13,44,2,0.045454545454545456
B.1.177.86,C28931T,0.9645892351274787,13,44,6,0.13636363636363635
B.1.1.7,C912T,0.994255400216888,46,44,1,0.022727272727272728
B.1.1.7,C3036T,0.998563850054222,46,44,44,1.0
B.1.1.7,C3266T,0.9990327969752923,46,44,1,0.022727272727272728
B.1.1.7,C5387A,0.9980362847680179,46,44,1,0.022727272727272728
B.1.1.7,C5985T,0.9941381634866203,46,44,1,0.022727272727272728
B.1.1.7,T6953C,0.977256074328087,46,44,1,0.022727272727272728
B.1.1.7,T11287-,0.9874410152700841,46,44,2,0.045454545454545456
B.1.1.7,C11288-,0.9874263606788006,46,44,2,0.045454545454545456
B.1.1.7,T11289-,0.9874263606788006,46,44,2,0.045454545454545456
B.1.1.7,G11290-,0.9873384331310999,46,44,2,0.045454545454545456
B.1.1.7,G11291-,0.9872944693572496,46,44,2,0.045454545454545456
B.1.1.7,T11292-,0.9872651601746827,46,44,2,0.045454545454545456
B.1.1.7,T11293-,0.9871918872182655,46,44,2,0.045454545454545456
B.1.1.7,T11294-,0.987177232626982,46,44,2,0.045454545454545456
B.1.1.7,T11295-,0.9871479234444152,46,44,2,0.045454545454545456
B.1.1.7,C14407T,0.9849204255693309,46,44,44,1.0
B.1.1.7,C14675T,0.9992526158445441,46,44,1,0.022727272727272728
B.1.1.7,C15278T,0.9991353791142765,46,44,1,0.022727272727272728
B.1.1.7,T16175C,0.9986517776019227,46,44,1,0.022727272727272728
B.1.1.7,T21764-,0.9957941323016501,46,44,10,0.22727272727272727
B.1.1.7,A21765-,0.9958820598493509,46,44,10,0.22727272727272727
B.1.1.7,C21766-,0.9963656613617046,46,44,10,0.22727272727272727
B.1.1.7,A21767-,0.996248424631437,46,44,10,0.22727272727272727
B.1.1.7,T21768-,0.996248424631437,46,44,10,0.22727272727272727
B.1.1.7,G21769-,0.9941528180779038,46,44,2,0.045454545454545456
B.1.1.7,T21991-,0.9949295114159266,46,44,9,0.20454545454545456
B.1.1.7,A21992-,0.9946364195902576,46,44,9,0.20454545454545456
B.1.1.7,T21993-,0.9927020135408423,46,44,9,0.20454545454545456
B.1.1.7,A23062T,0.9913391365514815,46,44,2,0.045454545454545456
B.1.1.7,C23270A,0.9982561036372696,46,44,1,0.022727272727272728
B.1.1.7,A23402G,0.9999413816348662,46,44,44,1.0
B.1.1.7,C23603A,0.9959992965796184,46,44,10,0.22727272727272727
B.1.1.7,C23708T,0.998534540871655,46,44,1,0.022727272727272728
B.1.1.7,T24505G,0.9993405433922448,46,44,1,0.022727272727272728
B.1.1.7,G24913C,0.9991060699317096,46,44,1,0.022727272727272728
B.1.1.7,C27971T,0.9952812216067294,46,44,1,0.022727272727272728
B.1.1.7,G28047T,0.9940502359389196,46,44,1,0.022727272727272728
B.1.1.7,A28110G,0.9961898062663033,46,44,1,0.022727272727272728
B.1.1.7,G28279C,0.9973621735689792,46,44,1,0.022727272727272728
B.1.1.7,A28280T,0.9977725021249157,46,44,1,0.022727272727272728
B.1.1.7,T28281A,0.997713883759782,46,44,1,0.022727272727272728
B.1.1.7,G28880A,0.9562706996101878,46,44,10,0.22727272727272727
B.1.1.7,G28881A,0.9562853542014713,46,44,10,0.22727272727272727
B.1.1.7,G28882C,0.9562706996101878,46,44,10,0.22727272727272727
B.1.1.7,C28976T,0.994387291538439,46,44,1,0.022727272727272728
B.1.1.7,A28270-,0.9672616430727747,46,44,19,0.4318181818181818
B.1.177.35,T444C,1.0,12,44,6,0.13636363636363635
B.1.177.35,C3036T,1.0,12,44,44,1.0
B.1.177.35,C6285T,0.9926470588235294,12,44,6,0.13636363636363635
B.1.177.35,C14407T,1.0,12,44,44,1.0
B.1.177.35,G21254C,0.9975490196078431,12,44,6,0.13636363636363635
B.1.177.35,C22226T,1.0,12,44,8,0.18181818181818182
B.1.177.35,A23402G,1.0,12,44,44,1.0
B.1.177.35,C26800G,1.0,12,44,5,0.11363636363636363
B.1.177.35,T26965C,1.0,12,44,1,0.022727272727272728
B.1.177.35,C28931T,0.9852941176470589,12,44,6,0.13636363636363635
B.1.177.35,C29365T,0.9485294117647058,12,44,1,0.022727272727272728
B.1.177.35,C29385T,0.9485294117647058,12,44,1,0.022727272727272728
B.1.258.17,C828T,0.9745222929936306,31,44,1,0.022727272727272728
B.1.258.17,C3036T,1.0,31,44,44,1.0
B.1.258.17,C5174T,0.9044585987261147,31,44,1,0.022727272727272728
B.1.258.17,T7766C,0.9808917197452229,31,44,2,0.045454545454545456
B.1.258.17,C8046T,1.0,31,44,2,0.045454545454545456
B.1.258.17,A10107G,0.9044585987261147,31,44,1,0.022727272727272728
B.1.258.17,G12987T,1.0,31,44,1,0.022727272727272728
B.1.258.17,C14407T,0.9872611464968153,31,44,44,1.0
B.1.258.17,C14696T,1.0,31,44,1,0.022727272727272728
B.1.258.17,G15597A,0.9936305732484076,31,44,1,0.022727272727272728
B.1.258.17,C16393T,0.9936305732484076,31,44,1,0.022727272727272728
B.1.258.17,C17103T,1.0,31,44,2,0.045454545454545456
B.1.258.17,G18027T,1.0,31,44,1,0.022727272727272728
B.1.258.17,C18175T,1.0,31,44,1,0.022727272727272728
B.1.258.17,G19397T,0.9808917197452229,31,44,1,0.022727272727272728
B.1.258.17,A20267G,1.0,31,44,2,0.045454545454545456
B.1.258.17,T21764-,1.0,31,44,10,0.22727272727272727
B.1.258.17,A21765-,1.0,31,44,10,0.22727272727272727
B.1.258.17,C21766-,1.0,31,44,10,0.22727272727272727
B.1.258.17,A21767-,1.0,31,44,10,0.22727272727272727
B.1.258.17,T21768-,1.0,31,44,10,0.22727272727272727
B.1.258.17,G21769-,1.0,31,44,2,0.045454545454545456
B.1.258.17,C22126T,0.9936305732484076,31,44,1,0.022727272727272728
B.1.258.17,C22878A,0.9490445859872612,31,44,2,0.045454545454545456
B.1.258.17,A23402G,1.0,31,44,44,1.0
B.1.258.17,G23875A,0.9681528662420382,31,44,1,0.022727272727272728
B.1.258.17,T24909C,1.0,31,44,1,0.022727272727272728
B.1.258.17,G25946T,0.9936305732484076,31,44,1,0.022727272727272728
B.1.258.17,T26971C,1.0,31,44,1,0.022727272727272728
B.1.258.17,C27799A,0.9554140127388535,31,44,1,0.022727272727272728
B.1.258.17,G28082T,0.9554140127388535,31,44,1,0.022727272727272728
B.1.351,C1058T,0.997229916897507,35,44,1,0.022727272727272728
B.1.351,C3036T,0.9994459833795014,35,44,44,1.0
B.1.351,G5229T,0.9977839335180055,35,44,1,0.022727272727272728
B.1.351,A10322G,0.9961218836565097,35,44,1,0.022727272727272728
B.1.351,T11287-,0.997229916897507,35,44,2,0.045454545454545456
B.1.351,C11288-,0.997229916897507,35,44,2,0.045454545454545456
B.1.351,T11289-,0.997229916897507,35,44,2,0.045454545454545456
B.1.351,G11290-,0.997229916897507,35,44,2,0.045454545454545456
B.1.351,G11291-,0.997229916897507,35,44,2,0.045454545454545456
B.1.351,T11292-,0.997229916897507,35,44,2,0.045454545454545456
B.1.351,T11293-,0.997229916897507,35,44,2,0.045454545454545456
B.1.351,T11294-,0.997229916897507,35,44,2,0.045454545454545456
B.1.351,T11295-,0.997229916897507,35,44,2,0.045454545454545456
B.1.351,C14407T,0.9407202216066483,35,44,44,1.0
B.1.351,A21800C,0.9983379501385041,35,44,1,0.022727272727272728
B.1.351,A22205G,0.9983379501385041,35,44,1,0.022727272727272728
B.1.351,T22282-,0.9872576177285318,35,44,1,0.022727272727272728
B.1.351,T22283-,0.9878116343490305,35,44,1,0.022727272727272728
B.1.351,A22284-,0.9878116343490305,35,44,1,0.022727272727272728
B.1.351,C22285-,0.9878116343490305,35,44,1,0.022727272727272728
B.1.351,T22286-,0.9889196675900277,35,44,1,0.022727272727272728
B.1.351,T22287-,0.9889196675900277,35,44,1,0.022727272727272728
B.1.351,G22288-,0.9878116343490305,35,44,1,0.022727272727272728
B.1.351,C22289-,0.9861495844875346,35,44,1,0.022727272727272728
B.1.351,T22290-,0.9861495844875346,35,44,1,0.022727272727272728
B.1.351,G22812T,0.9933518005540166,35,44,2,0.045454545454545456
B.1.351,G23011A,0.9855955678670361,35,44,1,0.022727272727272728
B.1.351,A23062T,0.990027700831025,35,44,2,0.045454545454545456
B.1.351,A23402G,1.0,35,44,44,1.0
B.1.351,C23663T,0.997229916897507,35,44,1,0.022727272727272728
B.1.351,G25562T,0.9944598337950139,35,44,3,0.06818181818181818
B.1.351,C25903T,0.9606648199445983,35,44,1,0.022727272727272728
B.1.351,C26455T,0.9922437673130194,35,44,1,0.022727272727272728
B.1.351,C28252T,0.9961218836565097,35,44,1,0.022727272727272728
B.1.351,C28886T,0.9916897506925207,35,44,1,0.022727272727272728
B.1.36.1,C526T,0.993006993006993,21,44,1,0.022727272727272728
B.1.36.1,C3036T,1.0,21,44,44,1.0
B.1.36.1,A5988G,0.993006993006993,21,44,1,0.022727272727272728
B.1.36.1,C9678T,0.993006993006993,21,44,1,0.022727272727272728
B.1.36.1,C11223T,1.0,21,44,1,0.022727272727272728
B.1.36.1,C11940T,1.0,21,44,1,0.022727272727272728
B.1.36.1,C12042T,1.0,21,44,1,0.022727272727272728
B.1.36.1,C12241T,0.993006993006993,21,44,1,0.022727272727272728
B.1.36.1,C14357T,0.986013986013986,21,44,1,0.022727272727272728
B.1.36.1,C14407T,0.993006993006993,21,44,44,1.0
B.1.36.1,G18582A,0.993006993006993,21,44,1,0.022727272727272728
B.1.36.1,C18876T,1.0,21,44,2,0.045454545454545456
B.1.36.1,G21122T,0.993006993006993,21,44,1,0.022727272727272728
B.1.36.1,T21774A,0.986013986013986,21,44,1,0.022727272727272728
B.1.36.1,C22005T,0.986013986013986,21,44,1,0.022727272727272728
B.1.36.1,C22443T,0.993006993006993,21,44,1,0.022727272727272728
B.1.36.1,C22994A,0.993006993006993,21,44,22,0.5
B.1.36.1,A23402G,1.0,21,44,44,1.0
B.1.36.1,G25562T,1.0,21,44,3,0.06818181818181818
B.1.36.1,C26734T,1.0,21,44,2,0.045454545454545456
B.1.36.1,C28853T,1.0,21,44,1,0.022727272727272728
B.1.177.46,T444C,1.0,12,44,6,0.13636363636363635
B.1.177.46,C3036T,1.0,12,44,44,1.0
B.1.177.46,C6285T,0.98046875,12,44,6,0.13636363636363635
B.1.177.46,C9692T,0.97265625,12,44,1,0.022727272727272728
B.1.177.46,C14407T,0.99609375,12,44,44,1.0
B.1.177.46,C18507T,0.99609375,12,44,1,0.022727272727272728
B.1.177.46,G21254C,0.9921875,12,44,6,0.13636363636363635
B.1.177.46,C22226T,0.99609375,12,44,8,0.18181818181818182
B.1.177.46,A23402G,1.0,12,44,44,1.0
B.1.177.46,C28931T,0.94921875,12,44,6,0.13636363636363635
B.1.177.46,G22345T,0.97265625,12,44,2,0.045454545454545456
B.1.177.46,C26800G,0.98828125,12,44,5,0.11363636363636363
AY.75,C3036T,0.9985283296541575,42,44,44,1.0
AY.75,C5183T,0.9977924944812362,42,44,3,0.06818181818181818
AY.75,A5583G,0.9793966151582045,42,44,3,0.06818181818181818
AY.75,C9890T,0.9992641648270787,42,44,3,0.06818181818181818
AY.75,C10518T,0.9992641648270787,42,44,1,0.022727272727272728
AY.75,T11417C,1.0,42,44,3,0.06818181818181818
AY.75,C11513T,1.0,42,44,3,0.06818181818181818
AY.75,C13018T,0.9911699779249448,42,44,2,0.045454545454545456
AY.75,A13665G,0.9955849889624724,42,44,1,0.022727272727272728
AY.75,A14120G,0.9985283296541575,42,44,1,0.022727272727272728
AY.75,C14407T,1.0,42,44,44,1.0
AY.75,G15450A,0.9985283296541575,42,44,19,0.4318181818181818
AY.75,C16465T,1.0,42,44,19,0.4318181818181818
AY.75,C21617G,0.9793966151582045,42,44,18,0.4090909090909091
AY.75,C21621T,0.9786607799852833,42,44,1,0.022727272727272728
AY.75,G21986A,0.9492273730684326,42,44,5,0.11363636363636363
AY.75,A22028-,0.9941133186166299,42,44,16,0.36363636363636365
AY.75,G22029-,0.9941133186166299,42,44,16,0.36363636363636365
AY.75,T22030-,0.9941133186166299,42,44,16,0.36363636363636365
AY.75,T22031-,0.9941133186166299,42,44,16,0.36363636363636365
AY.75,C22032-,0.9941133186166299,42,44,16,0.36363636363636365
AY.75,A22033-,0.9941133186166299,42,44,16,0.36363636363636365
AY.75,C22226T,0.9955849889624724,42,44,8,0.18181818181818182
AY.75,T22916G,0.9926416482707874,42,44,19,0.4318181818181818
AY.75,C22994A,0.9941133186166299,42,44,22,0.5
AY.75,A23402G,1.0,42,44,44,1.0
AY.75,C23603G,0.9992641648270787,42,44,19,0.4318181818181818
AY.75,G24409A,0.9955849889624724,42,44,18,0.4090909090909091
AY.75,C25468T,0.9985283296541575,42,44,19,0.4318181818181818
AY.75,T26766C,0.9985283296541575,42,44,19,0.4318181818181818
AY.75,T27637C,0.9926416482707874,42,44,12,0.2727272727272727
AY.75,C27751T,0.9963208241353937,42,44,19,0.4318181818181818
AY.75,G28247-,0.9941133186166299,42,44,19,0.4318181818181818
AY.75,A28248-,0.9941133186166299,42,44,19,0.4318181818181818
AY.75,T28249-,0.9941133186166299,42,44,19,0.4318181818181818
AY.75,T28250-,0.9941133186166299,42,44,19,0.4318181818181818
AY.75,T28251-,0.9941133186166299,42,44,19,0.4318181818181818
AY.75,C28252-,0.9941133186166299,42,44,19,0.4318181818181818
AY.75,A28270-,0.9830757910228108,42,44,19,0.4318181818181818
AY.75,G28880T,0.9911699779249448,42,44,19,0.4318181818181818
AY.75,G29401T,0.9926416482707874,42,44,19,0.4318181818181818
AY.75,A28460G,0.9933774834437086,42,44,18,0.4090909090909091
B.1.617.2,C3036T,0.995980137148262,29,44,44,1.0
B.1.617.2,C14407T,0.991487349255143,29,44,44,1.0
B.1.617.2,G15450A,0.9808465358240719,29,44,19,0.4318181818181818
B.1.617.2,C16465T,0.9846299361551194,29,44,19,0.4318181818181818
B.1.617.2,C21617G,0.9605107590446914,29,44,18,0.4090909090909091
B.1.617.2,A22028-,0.9181839678410972,29,44,16,0.36363636363636365
B.1.617.2,G22029-,0.9184204303617877,29,44,16,0.36363636363636365
B.1.617.2,T22030-,0.9186568928824781,29,44,16,0.36363636363636365
B.1.617.2,T22031-,0.9186568928824781,29,44,16,0.36363636363636365
B.1.617.2,C22032-,0.9186568928824781,29,44,16,0.36363636363636365
B.1.617.2,A22033-,0.9181839678410972,29,44,16,0.36363636363636365
B.1.617.2,T22916G,0.9855757862378813,29,44,19,0.4318181818181818
B.1.617.2,C22994A,0.9865216363206432,29,44,22,0.5
B.1.617.2,A23402G,0.9931425868999764,29,44,44,1.0
B.1.617.2,C23603G,0.987940411444786,29,44,19,0.4318181818181818
B.1.617.2,G24409A,0.9354457318515015,29,44,18,0.4090909090909091
B.1.617.2,C25468T,0.9962165996689525,29,44,19,0.4318181818181818
B.1.617.2,T26766C,0.9971624497517143,29,44,19,0.4318181818181818
B.1.617.2,C27751T,0.9713880349964531,29,44,19,0.4318181818181818
B.1.617.2,G28247-,0.9732797351619769,29,44,19,0.4318181818181818
B.1.617.2,A28248-,0.9732797351619769,29,44,19,0.4318181818181818
B.1.617.2,T28249-,0.971860960037834,29,44,19,0.4318181818181818
B.1.617.2,T28250-,0.9713880349964531,29,44,19,0.4318181818181818
B.1.617.2,T28251-,0.9713880349964531,29,44,19,0.4318181818181818
B.1.617.2,C28252-,0.9706786474343817,29,44,19,0.4318181818181818
B.1.617.2,A28270-,0.9808465358240719,29,44,19,0.4318181818181818
B.1.617.2,A28460G,0.9127453298652164,29,44,18,0.4090909090909091
B.1.617.2,G28880T,0.9616930716481438,29,44,19,0.4318181818181818
B.1.617.2,G29401T,0.9825017734689052,29,44,19,0.4318181818181818
AY.122,G1047T,0.9982068141063957,41,44,2,0.045454545454545456
AY.122,C3036T,0.9981071926678621,41,44,44,1.0
AY.122,G4180T,0.9991034070531979,41,44,15,0.3409090909090909
AY.122,C6401T,0.9849571627814305,41,44,15,0.3409090909090909
AY.122,C7123T,0.9847579199043635,41,44,15,0.3409090909090909
AY.122,C8985T,0.9989041641761307,41,44,15,0.3409090909090909
AY.122,G9052T,0.9887427774457063,41,44,14,0.3181818181818182
AY.122,C10028T,0.9991034070531979,41,44,24,0.5454545454545454
AY.122,A11200G,0.9987049212990635,41,44,15,0.3409090909090909
AY.122,A11331G,0.9971109782825264,41,44,14,0.3181818181818182
AY.122,C14407T,0.9920302849173142,41,44,44,1.0
AY.122,G15450A,0.9985056784219964,41,44,19,0.4318181818181818
AY.122,C16465T,0.9997011356843993,41,44,19,0.4318181818181818
AY.122,C19219T,0.9985056784219964,41,44,15,0.3409090909090909
AY.122,C21617G,0.9774855548914126,41,44,18,0.4090909090909091
AY.122,A22028-,0.929866507272365,41,44,16,0.36363636363636365
AY.122,G22029-,0.9297668858338315,41,44,16,0.36363636363636365
AY.122,T22030-,0.9301653715879658,41,44,16,0.36363636363636365
AY.122,T22031-,0.9302649930264993,41,44,16,0.36363636363636365
AY.122,C22032-,0.9301653715879658,41,44,16,0.36363636363636365
AY.122,A22033-,0.9297668858338315,41,44,16,0.36363636363636365
AY.122,T22916G,0.9865511057979677,41,44,19,0.4318181818181818
AY.122,C22994A,0.9871488344291691,41,44,22,0.5
AY.122,A23402G,0.9954174138274556,41,44,44,1.0
AY.122,C23603G,0.9909344490934449,41,44,19,0.4318181818181818
AY.122,G24409A,0.9557680812910938,41,44,18,0.4090909090909091
AY.122,C25468T,0.9896393703925085,41,44,19,0.4318181818181818
AY.122,T26766C,0.9881450488145049,41,44,19,0.4318181818181818
AY.122,C27751T,0.9882446702530384,41,44,19,0.4318181818181818
AY.122,C27873T,0.9966128710898585,41,44,15,0.3409090909090909
AY.122,G28247-,0.991133691970512,41,44,19,0.4318181818181818
AY.122,A28248-,0.991133691970512,41,44,19,0.4318181818181818
AY.122,T28249-,0.9910340705319785,41,44,19,0.4318181818181818
AY.122,T28250-,0.9909344490934449,41,44,19,0.4318181818181818
AY.122,T28251-,0.9908348276549114,41,44,19,0.4318181818181818
AY.122,C28252-,0.9903367204622435,41,44,19,0.4318181818181818
AY.122,A28270-,0.9853556485355649,41,44,19,0.4318181818181818
AY.122,A28460G,0.9478979876469417,41,44,18,0.4090909090909091
AY.122,G28880T,0.9744969117354054,41,44,19,0.4318181818181818
AY.122,G28915T,0.9726041044032676,41,44,15,0.3409090909090909
AY.122,G29401T,0.9907352062163778,41,44,19,0.4318181818181818
AY.4,C3036T,0.9985534201281256,41,44,44,1.0
AY.4,G4180T,0.9989667286629469,41,44,15,0.3409090909090909
AY.4,C6401T,0.989047323827237,41,44,15,0.3409090909090909
AY.4,C7123T,0.9917338293035751,41,44,15,0.3409090909090909
AY.4,C7850T,0.9954536061169663,41,44,2,0.045454545454545456
AY.4,C8985T,0.9995866914651788,41,44,15,0.3409090909090909
AY.4,G9052T,0.994007026245092,41,44,14,0.3181818181818182
AY.4,C10028T,1.0,41,44,24,0.5454545454545454
AY.4,A11200G,0.9971068402562513,41,44,15,0.3409090909090909
AY.4,A11331G,0.983054350072329,41,44,14,0.3181818181818182
AY.4,C14407T,0.9956602603843769,41,44,44,1.0
AY.4,G15450A,0.9993800371977681,41,44,19,0.4318181818181818
AY.4,C16465T,0.9997933457325894,41,44,19,0.4318181818181818
AY.4,C19219T,0.9975201487910725,41,44,15,0.3409090909090909
AY.4,C21617G,0.9762347592477785,41,44,18,0.4090909090909091
AY.4,A22028-,0.9251911551973548,41,44,16,0.36363636363636365
AY.4,G22029-,0.9251911551973548,41,44,16,0.36363636363636365
AY.4,T22030-,0.9256044637321761,41,44,16,0.36363636363636365
AY.4,T22031-,0.9256044637321761,41,44,16,0.36363636363636365
AY.4,C22032-,0.9256044637321761,41,44,16,0.36363636363636365
AY.4,A22033-,0.9253978094647655,41,44,16,0.36363636363636365
AY.4,T22916G,0.989047323827237,41,44,19,0.4318181818181818
AY.4,C22994A,0.9888406695598264,41,44,22,0.5
AY.4,A23402G,0.9952469518495557,41,44,44,1.0
AY.4,C23603G,0.9902872494317008,41,44,19,0.4318181818181818
AY.4,G24409A,0.9580491837156437,41,44,18,0.4090909090909091
AY.4,C25468T,0.998346765860715,41,44,19,0.4318181818181818
AY.4,T26766C,0.9979334573258938,41,44,19,0.4318181818181818
AY.4,C27751T,0.9495763587518082,41,44,19,0.4318181818181818
AY.4,C27873T,0.981401115933044,41,44,15,0.3409090909090909
AY.4,G28247-,0.983054350072329,41,44,19,0.4318181818181818
AY.4,A28248-,0.9828476958049184,41,44,19,0.4318181818181818
AY.4,T28249-,0.9828476958049184,41,44,19,0.4318181818181818
AY.4,T28250-,0.9820210787352759,41,44,19,0.4318181818181818
AY.4,T28251-,0.9820210787352759,41,44,19,0.4318181818181818
AY.4,C28252-,0.9820210787352759,41,44,19,0.4318181818181818
AY.4,A28270-,0.981401115933044,41,44,19,0.4318181818181818
AY.4,A28460G,0.9462698904732383,41,44,18,0.4090909090909091
AY.4,G28880T,0.9766480677825997,41,44,19,0.4318181818181818
AY.4,G28915T,0.9749948336433147,41,44,15,0.3409090909090909
AY.4,G29401T,0.990700557966522,41,44,19,0.4318181818181818
AY.43,C3036T,0.9972311952007383,43,44,44,1.0
AY.43,G4180T,0.9973465620673743,43,44,15,0.3409090909090909
AY.43,C6401T,0.9927318874019382,43,44,15,0.3409090909090909
AY.43,C7123T,0.9878864790032302,43,44,15,0.3409090909090909
AY.43,C8985T,0.9986155976003692,43,44,15,0.3409090909090909
AY.43,G9052T,0.9915782187355792,43,44,14,0.3181818181818182
AY.43,C10028T,0.9993077988001846,43,44,24,0.5454545454545454
AY.43,A11200G,0.998846331333641,43,44,15,0.3409090909090909
AY.43,A11331G,0.9978080295339179,43,44,14,0.3181818181818182
AY.43,C14407T,0.9950392247346562,43,44,44,1.0
AY.43,G15450A,0.9983848638670973,43,44,19,0.4318181818181818
AY.43,C15951A,0.9991924319335487,43,44,1,0.022727272727272728
AY.43,C16465T,0.971619750807568,43,44,19,0.4318181818181818
AY.43,C19219T,0.9983848638670973,43,44,15,0.3409090909090909
AY.43,C21617G,0.9765805260729119,43,44,18,0.4090909090909091
AY.43,A22028-,0.9307798800184587,43,44,16,0.36363636363636365
AY.43,G22029-,0.9307798800184587,43,44,16,0.36363636363636365
AY.43,T22030-,0.9310106137517306,43,44,16,0.36363636363636365
AY.43,T22031-,0.9310106137517306,43,44,16,0.36363636363636365
AY.43,C22032-,0.9310106137517306,43,44,16,0.36363636363636365
AY.43,A22033-,0.9310106137517306,43,44,16,0.36363636363636365
AY.43,T22916G,0.9908860175357638,43,44,19,0.4318181818181818
AY.43,C22994A,0.9911167512690355,43,44,22,0.5
AY.43,A23402G,0.9956160590678357,43,44,44,1.0
AY.43,C23603G,0.9935394554683895,43,44,19,0.4318181818181818
AY.43,G24409A,0.951661282879557,43,44,18,0.4090909090909091
AY.43,C25468T,0.9963082602676512,43,44,19,0.4318181818181818
AY.43,T26766C,0.9961928934010152,43,44,19,0.4318181818181818
AY.43,T27637C,0.9713890170742963,43,44,12,0.2727272727272727
AY.43,C27751T,0.9785417628057222,43,44,19,0.4318181818181818
AY.43,C27873T,0.9777341947392709,43,44,15,0.3409090909090909
AY.43,G28247-,0.9903091832025842,43,44,19,0.4318181818181818
AY.43,A28248-,0.9903091832025842,43,44,19,0.4318181818181818
AY.43,T28249-,0.9903091832025842,43,44,19,0.4318181818181818
AY.43,T28250-,0.9903091832025842,43,44,19,0.4318181818181818
AY.43,T28251-,0.9903091832025842,43,44,19,0.4318181818181818
AY.43,C28252-,0.9896169820027688,43,44,19,0.4318181818181818
AY.43,A28270-,0.9874250115366867,43,44,19,0.4318181818181818
AY.43,A28298T,0.9721965851407476,43,44,1,0.022727272727272728
AY.43,A28460G,0.9335486848177204,43,44,18,0.4090909090909091
AY.43,G28880T,0.9679280110752192,43,44,19,0.4318181818181818
AY.43,G28915T,0.9509690816797416,43,44,15,0.3409090909090909
AY.43,G29401T,0.9898477157360406,43,44,19,0.4318181818181818
AY.9.2,G1728A,0.9993045897079277,41,44,2,0.045454545454545456
AY.9.2,C3036T,0.9965229485396384,41,44,44,1.0
AY.9.2,C5183T,0.9916550764951322,41,44,3,0.06818181818181818
AY.9.2,A5583G,0.9829624478442281,41,44,3,0.06818181818181818
AY.9.2,C9890T,0.9916550764951322,41,44,3,0.06818181818181818
AY.9.2,T11417C,0.997913769123783,41,44,3,0.06818181818181818
AY.9.2,C11513T,0.9982614742698191,41,44,3,0.06818181818181818
AY.9.2,C13018T,0.9429763560500696,41,44,2,0.045454545454545456
AY.9.2,G14029A,0.9993045897079277,41,44,2,0.045454545454545456
AY.9.2,C14407T,0.9975660639777468,41,44,44,1.0
AY.9.2,G15450A,0.9982614742698191,41,44,19,0.4318181818181818
AY.9.2,C16465T,0.9996522948539638,41,44,19,0.4318181818181818
AY.9.2,C18085T,0.9989568845618915,41,44,2,0.045454545454545456
AY.9.2,C21617G,0.9794853963838664,41,44,18,0.4090909090909091
AY.9.2,A22028-,0.9318497913769124,41,44,16,0.36363636363636365
AY.9.2,G22029-,0.9318497913769124,41,44,16,0.36363636363636365
AY.9.2,T22030-,0.9321974965229486,41,44,16,0.36363636363636365
AY.9.2,T22031-,0.9321974965229486,41,44,16,0.36363636363636365
AY.9.2,C22032-,0.9321974965229486,41,44,16,0.36363636363636365
AY.9.2,A22033-,0.9318497913769124,41,44,16,0.36363636363636365
AY.9.2,C22226T,0.9450625869262865,41,44,8,0.18181818181818182
AY.9.2,C22791T,0.9965229485396384,41,44,2,0.045454545454545456
AY.9.2,T22916G,0.9864394993045897,41,44,19,0.4318181818181818
AY.9.2,C22994A,0.9864394993045897,41,44,22,0.5
AY.9.2,A23402G,0.9993045897079277,41,44,44,1.0
AY.9.2,C23603G,0.9951321279554938,41,44,19,0.4318181818181818
AY.9.2,G24409A,0.9492350486787204,41,44,18,0.4090909090909091
AY.9.2,C25468T,0.9986091794158554,41,44,19,0.4318181818181818
AY.9.2,T26766C,0.9993045897079277,41,44,19,0.4318181818181818
AY.9.2,T27637C,0.980528511821975,41,44,12,0.2727272727272727
AY.9.2,C27751T,0.9850486787204451,41,44,19,0.4318181818181818
AY.9.2,G28247-,0.9916550764951322,41,44,19,0.4318181818181818
AY.9.2,A28248-,0.9916550764951322,41,44,19,0.4318181818181818
AY.9.2,T28249-,0.9916550764951322,41,44,19,0.4318181818181818
AY.9.2,T28250-,0.9895688456189151,41,44,19,0.4318181818181818
AY.9.2,T28251-,0.9895688456189151,41,44,19,0.4318181818181818
AY.9.2,C28252-,0.9878303198887344,41,44,19,0.4318181818181818
AY.9.2,A28270-,0.9888734353268428,41,44,19,0.4318181818181818
AY.9.2,A28460G,0.944019471488178,41,44,18,0.4090909090909091
AY.9.2,G28880T,0.9694019471488178,41,44,19,0.4318181818181818
AY.9.2,G29401T,0.9847009735744089,41,44,19,0.4318181818181818
AY.94,G462A,0.9841269841269841,46,44,1,0.022727272727272728
AY.94,C3036T,1.0,46,44,44,1.0
AY.94,G4180T,1.0,46,44,15,0.3409090909090909
AY.94,G6366T,1.0,46,44,1,0.022727272727272728
AY.94,C6401T,1.0,46,44,15,0.3409090909090909
AY.94,C7123T,0.9047619047619048,46,44,15,0.3409090909090909
AY.94,C8985T,1.0,46,44,15,0.3409090909090909
AY.94,G9052T,1.0,46,44,14,0.3181818181818182
AY.94,C10028T,1.0,46,44,24,0.5454545454545454
AY.94,A11200G,0.9920634920634921,46,44,15,0.3409090909090909
AY.94,A11331G,1.0,46,44,14,0.3181818181818182
AY.94,C14407T,1.0,46,44,44,1.0
AY.94,G15450A,0.9920634920634921,46,44,19,0.4318181818181818
AY.94,C15923T,1.0,46,44,1,0.022727272727272728
AY.94,C16465T,1.0,46,44,19,0.4318181818181818
AY.94,G16974T,0.9920634920634921,46,44,1,0.022727272727272728
AY.94,C19219T,1.0,46,44,15,0.3409090909090909
AY.94,C21617G,1.0,46,44,18,0.4090909090909091
AY.94,T22916G,0.9603174603174603,46,44,19,0.4318181818181818
AY.94,C22986T,0.9603174603174603,46,44,1,0.022727272727272728
AY.94,C22994A,0.9682539682539683,46,44,22,0.5
AY.94,A23402G,1.0,46,44,44,1.0
AY.94,C23603G,1.0,46,44,19,0.4318181818181818
AY.94,G24409A,0.9761904761904762,46,44,18,0.4090909090909091
AY.94,C25468T,1.0,46,44,19,0.4318181818181818
AY.94,T26766C,1.0,46,44,19,0.4318181818181818
AY.94,T27637C,0.9603174603174603,46,44,12,0.2727272727272727
AY.94,C27751T,0.9761904761904762,46,44,19,0.4318181818181818
AY.94,C27873T,1.0,46,44,15,0.3409090909090909
AY.94,G28247-,0.9841269841269841,46,44,19,0.4318181818181818
AY.94,A28248-,0.9841269841269841,46,44,19,0.4318181818181818
AY.94,T28249-,0.9841269841269841,46,44,19,0.4318181818181818
AY.94,T28250-,0.9841269841269841,46,44,19,0.4318181818181818
AY.94,T28251-,0.9841269841269841,46,44,19,0.4318181818181818
AY.94,C28252-,0.9841269841269841,46,44,19,0.4318181818181818
AY.94,A28270-,0.9841269841269841,46,44,19,0.4318181818181818
AY.94,A28460G,0.9761904761904762,46,44,18,0.4090909090909091
AY.94,G28880T,0.9444444444444444,46,44,19,0.4318181818181818
AY.94,G28915T,0.9444444444444444,46,44,15,0.3409090909090909
AY.94,G29401T,0.9682539682539683,46,44,19,0.4318181818181818
AY.94,A22028-,0.9761904761904762,46,44,16,0.36363636363636365
AY.94,G22029-,0.9682539682539683,46,44,16,0.36363636363636365
AY.94,T22030-,0.9682539682539683,46,44,16,0.36363636363636365
AY.94,T22031-,0.9682539682539683,46,44,16,0.36363636363636365
AY.94,C22032-,0.9682539682539683,46,44,16,0.36363636363636365
AY.94,A22033-,0.9761904761904762,46,44,16,0.36363636363636365
AY.33,C3036T,0.9981504315659679,43,44,44,1.0
AY.33,G4180T,1.0,43,44,15,0.3409090909090909
AY.33,C6401T,0.9975339087546239,43,44,15,0.3409090909090909
AY.33,C7123T,0.9913686806411838,43,44,15,0.3409090909090909
AY.33,C8985T,0.9981504315659679,43,44,15,0.3409090909090909
AY.33,G9052T,0.9913686806411838,43,44,14,0.3181818181818182
AY.33,C10028T,0.9993834771886559,43,44,24,0.5454545454545454
AY.33,A11200G,1.0,43,44,15,0.3409090909090909
AY.33,A11331G,0.9993834771886559,43,44,14,0.3181818181818182
AY.33,C14407T,0.9963008631319359,43,44,44,1.0
AY.33,G15450A,0.998766954377312,43,44,19,0.4318181818181818
AY.33,C16465T,1.0,43,44,19,0.4318181818181818
AY.33,C19219T,0.9975339087546239,43,44,15,0.3409090909090909
AY.33,C21617G,0.9827373612823674,43,44,18,0.4090909090909091
AY.33,A21646G,0.9827373612823674,43,44,1,0.022727272727272728
AY.33,A22028-,0.9753390875462392,43,44,16,0.36363636363636365
AY.33,G22029-,0.9753390875462392,43,44,16,0.36363636363636365
AY.33,T22030-,0.9753390875462392,43,44,16,0.36363636363636365
AY.33,T22031-,0.9753390875462392,43,44,16,0.36363636363636365
AY.33,C22032-,0.9753390875462392,43,44,16,0.36363636363636365
AY.33,A22033-,0.9753390875462392,43,44,16,0.36363636363636365
AY.33,C22310T,0.9944512946979038,43,44,1,0.022727272727272728
AY.33,T22916G,0.9938347718865598,43,44,19,0.4318181818181818
AY.33,C22994A,0.9932182490752158,43,44,22,0.5
AY.33,A23402G,1.0,43,44,44,1.0
AY.33,C23603G,0.9938347718865598,43,44,19,0.4318181818181818
AY.33,G24409A,0.9827373612823674,43,44,18,0.4090909090909091
AY.33,C25468T,1.0,43,44,19,0.4318181818181818
AY.33,T26766C,0.998766954377312,43,44,19,0.4318181818181818
AY.33,T27637C,0.9716399506781751,43,44,12,0.2727272727272727
AY.33,C27751T,0.9845869297163995,43,44,19,0.4318181818181818
AY.33,C27873T,0.9969173859432799,43,44,15,0.3409090909090909
AY.33,G28247-,0.9938347718865598,43,44,19,0.4318181818181818
AY.33,A28248-,0.9938347718865598,43,44,19,0.4318181818181818
AY.33,T28249-,0.9938347718865598,43,44,19,0.4318181818181818
AY.33,T28250-,0.9938347718865598,43,44,19,0.4318181818181818
AY.33,T28251-,0.9938347718865598,43,44,19,0.4318181818181818
AY.33,C28252-,0.9938347718865598,43,44,19,0.4318181818181818
AY.33,A28270-,0.9926017262638718,43,44,19,0.4318181818181818
AY.33,A28460G,0.9753390875462392,43,44,18,0.4090909090909091
AY.33,G28880T,0.9852034525277436,43,44,19,0.4318181818181818
AY.33,G28915T,0.9821208384710234,43,44,15,0.3409090909090909
AY.33,G29401T,0.9944512946979038,43,44,19,0.4318181818181818
AY.125,C744T,1.0,49,44,1,0.022727272727272728
AY.125,C3036T,1.0,49,44,44,1.0
AY.125,G4180T,1.0,49,44,15,0.3409090909090909
AY.125,C6401T,1.0,49,44,15,0.3409090909090909
AY.125,C6729T,0.9980952380952381,49,44,1,0.022727272727272728
AY.125,C7123T,0.9961904761904762,49,44,15,0.3409090909090909
AY.125,C8985T,1.0,49,44,15,0.3409090909090909
AY.125,G9052T,0.9980952380952381,49,44,14,0.3181818181818182
AY.125,C10028T,1.0,49,44,24,0.5454545454545454
AY.125,A11200G,1.0,49,44,15,0.3409090909090909
AY.125,A11331G,1.0,49,44,14,0.3181818181818182
AY.125,C13943T,0.9980952380952381,49,44,1,0.022727272727272728
AY.125,C14407T,0.9980952380952381,49,44,44,1.0
AY.125,G15450A,1.0,49,44,19,0.4318181818181818
AY.125,G15905T,1.0,49,44,1,0.022727272727272728
AY.125,C16465T,1.0,49,44,19,0.4318181818181818
AY.125,G18904A,0.9923809523809524,49,44,1,0.022727272727272728
AY.125,C19219T,0.9961904761904762,49,44,15,0.3409090909090909
AY.125,C21617G,0.9866666666666667,49,44,18,0.4090909090909091
AY.125,C21845T,0.9371428571428572,49,44,13,0.29545454545454547
AY.125,A22028-,0.96,49,44,16,0.36363636363636365
AY.125,G22029-,0.96,49,44,16,0.36363636363636365
AY.125,T22030-,0.96,49,44,16,0.36363636363636365
AY.125,T22031-,0.96,49,44,16,0.36363636363636365
AY.125,C22032-,0.96,49,44,16,0.36363636363636365
AY.125,A22033-,0.96,49,44,16,0.36363636363636365
AY.125,T22916G,0.9885714285714285,49,44,19,0.4318181818181818
AY.125,C22994A,0.9885714285714285,49,44,22,0.5
AY.125,A23402G,1.0,49,44,44,1.0
AY.125,C23603G,0.9980952380952381,49,44,19,0.4318181818181818
AY.125,G24409A,0.9657142857142857,49,44,18,0.4090909090909091
AY.125,C25468T,0.9980952380952381,49,44,19,0.4318181818181818
AY.125,G25470T,0.9980952380952381,49,44,1,0.022727272727272728
AY.125,T26766C,1.0,49,44,19,0.4318181818181818
AY.125,A26785G,0.9980952380952381,49,44,1,0.022727272727272728
AY.125,T27637C,0.9980952380952381,49,44,12,0.2727272727272727
AY.125,C27751T,0.9980952380952381,49,44,19,0.4318181818181818
AY.125,C27873T,0.9980952380952381,49,44,15,0.3409090909090909
AY.125,G28247-,1.0,49,44,19,0.4318181818181818
AY.125,A28248-,1.0,49,44,19,0.4318181818181818
AY.125,T28249-,1.0,49,44,19,0.4318181818181818
AY.125,T28250-,1.0,49,44,19,0.4318181818181818
AY.125,T28251-,1.0,49,44,19,0.4318181818181818
AY.125,C28252-,1.0,49,44,19,0.4318181818181818
AY.125,A28270-,1.0,49,44,19,0.4318181818181818
AY.125,A28460G,0.9733333333333334,49,44,18,0.4090909090909091
AY.125,G28880T,1.0,49,44,19,0.4318181818181818
AY.125,G28915T,1.0,49,44,15,0.3409090909090909
AY.125,G29401T,1.0,49,44,19,0.4318181818181818
AY.5,C3036T,0.9972027972027973,36,44,44,1.0
AY.5,G4180T,1.0,36,44,15,0.3409090909090909
AY.5,C6401T,1.0,36,44,15,0.3409090909090909
AY.5,C7123T,0.9902097902097902,36,44,15,0.3409090909090909
AY.5,C8985T,0.9986013986013986,36,44,15,0.3409090909090909
AY.5,G9052T,0.9944055944055944,36,44,14,0.3181818181818182
AY.5,C10028T,1.0,36,44,24,0.5454545454545454
AY.5,A11200G,1.0,36,44,15,0.3409090909090909
AY.5,A11331G,0.9972027972027973,36,44,14,0.3181818181818182
AY.5,C14407T,1.0,36,44,44,1.0
AY.5,G15450A,1.0,36,44,19,0.4318181818181818
AY.5,C16465T,1.0,36,44,19,0.4318181818181818
AY.5,C19219T,0.9986013986013986,36,44,15,0.3409090909090909
AY.5,C21617G,0.986013986013986,36,44,18,0.4090909090909091
AY.5,T22916G,0.9804195804195804,36,44,19,0.4318181818181818
AY.5,C22994A,0.9748251748251748,36,44,22,0.5
AY.5,A23402G,1.0,36,44,44,1.0
AY.5,C23603G,0.993006993006993,36,44,19,0.4318181818181818
AY.5,G24409A,0.9384615384615385,36,44,18,0.4090909090909091
AY.5,G24927T,1.0,36,44,1,0.022727272727272728
AY.5,C25468T,0.9986013986013986,36,44,19,0.4318181818181818
AY.5,T26766C,0.9986013986013986,36,44,19,0.4318181818181818
AY.5,C27751T,1.0,36,44,19,0.4318181818181818
AY.5,C27873T,0.9972027972027973,36,44,15,0.3409090909090909
AY.5,G28247-,0.9958041958041958,36,44,19,0.4318181818181818
AY.5,A28248-,0.9958041958041958,36,44,19,0.4318181818181818
AY.5,T28249-,0.9958041958041958,36,44,19,0.4318181818181818
AY.5,T28250-,0.993006993006993,36,44,19,0.4318181818181818
AY.5,T28251-,0.993006993006993,36,44,19,0.4318181818181818
AY.5,C28252-,0.9916083916083916,36,44,19,0.4318181818181818
AY.5,A28270-,0.9888111888111888,36,44,19,0.4318181818181818
AY.5,A28460G,0.9678321678321679,36,44,18,0.4090909090909091
AY.5,G28880T,0.9902097902097902,36,44,19,0.4318181818181818
AY.5,G28915T,0.9902097902097902,36,44,15,0.3409090909090909
AY.5,C29252T,0.993006993006993,36,44,1,0.022727272727272728
AY.5,G29401T,0.9958041958041958,36,44,19,0.4318181818181818
AY.46,C3036T,1.0,41,44,44,1.0
AY.46,G4180T,1.0,41,44,15,0.3409090909090909
AY.46,C6401T,1.0,41,44,15,0.3409090909090909
AY.46,C7123T,0.9858156028368794,41,44,15,0.3409090909090909
AY.46,C8985T,1.0,41,44,15,0.3409090909090909
AY.46,C10028T,1.0,41,44,24,0.5454545454545454
AY.46,C10976T,1.0,41,44,2,0.045454545454545456
AY.46,A11200G,1.0,41,44,15,0.3409090909090909
AY.46,A11331G,1.0,41,44,14,0.3181818181818182
AY.46,C14407T,0.9361702127659575,41,44,44,1.0
AY.46,G15450A,1.0,41,44,19,0.4318181818181818
AY.46,C16465T,1.0,41,44,19,0.4318181818181818
AY.46,C19219T,1.0,41,44,15,0.3409090909090909
AY.46,C21617G,1.0,41,44,18,0.4090909090909091
AY.46,A22028-,0.9361702127659575,41,44,16,0.36363636363636365
AY.46,G22029-,0.9361702127659575,41,44,16,0.36363636363636365
AY.46,T22030-,0.9361702127659575,41,44,16,0.36363636363636365
AY.46,T22031-,0.9361702127659575,41,44,16,0.36363636363636365
AY.46,C22032-,0.9361702127659575,41,44,16,0.36363636363636365
AY.46,A22033-,0.9361702127659575,41,44,16,0.36363636363636365
AY.46,T22916G,0.9787234042553191,41,44,19,0.4318181818181818
AY.46,C22994A,0.9787234042553191,41,44,22,0.5
AY.46,A23402G,1.0,41,44,44,1.0
AY.46,C23603G,0.925531914893617,41,44,19,0.4318181818181818
AY.46,G24409A,0.9929078014184397,41,44,18,0.4090909090909091
AY.46,C25468T,1.0,41,44,19,0.4318181818181818
AY.46,T26766C,1.0,41,44,19,0.4318181818181818
AY.46,T27637C,0.9964539007092199,41,44,12,0.2727272727272727
AY.46,C27751T,0.9964539007092199,41,44,19,0.4318181818181818
AY.46,C27873T,1.0,41,44,15,0.3409090909090909
AY.46,G28247-,1.0,41,44,19,0.4318181818181818
AY.46,A28248-,1.0,41,44,19,0.4318181818181818
AY.46,T28249-,1.0,41,44,19,0.4318181818181818
AY.46,T28250-,1.0,41,44,19,0.4318181818181818
AY.46,T28251-,1.0,41,44,19,0.4318181818181818
AY.46,C28252-,1.0,41,44,19,0.4318181818181818
AY.46,A28270-,0.9929078014184397,41,44,19,0.4318181818181818
AY.46,A28460G,0.9893617021276596,41,44,18,0.4090909090909091
AY.46,G28880T,0.9929078014184397,41,44,19,0.4318181818181818
AY.46,G28915T,0.9929078014184397,41,44,15,0.3409090909090909
AY.46,G29401T,0.9929078014184397,41,44,19,0.4318181818181818
AY.122.2,G1047T,1.0,96,44,2,0.045454545454545456
AY.122.2,C3036T,1.0,96,44,44,1.0
AY.122.2,G4180T,0.9986244841815681,96,44,15,0.3409090909090909
AY.122.2,C6401T,1.0,96,44,15,0.3409090909090909
AY.122.2,C6780T,0.938101788170564,96,44,1,0.022727272727272728
AY.122.2,C7123T,0.9972489683631361,96,44,15,0.3409090909090909
AY.122.2,C8985T,1.0,96,44,15,0.3409090909090909
AY.122.2,G9052T,1.0,96,44,14,0.3181818181818182
AY.122.2,C10028T,1.0,96,44,24,0.5454545454545454
AY.122.2,A11200G,1.0,96,44,15,0.3409090909090909
AY.122.2,A11331G,0.9903713892709766,96,44,14,0.3181818181818182
AY.122.2,G13891A,0.984869325997249,96,44,1,0.022727272727272728
AY.122.2,C14407T,1.0,96,44,44,1.0
AY.122.2,G14771A,0.9917469050894085,96,44,1,0.022727272727272728
AY.122.2,G15450A,1.0,96,44,19,0.4318181818181818
AY.122.2,C16465T,1.0,96,44,19,0.4318181818181818
AY.122.2,C19219T,1.0,96,44,15,0.3409090909090909
AY.122.2,C21617G,0.984869325997249,96,44,18,0.4090909090909091
AY.122.2,G21986A,0.9752407152682255,96,44,5,0.11363636363636363
AY.122.2,A22028-,0.9889958734525447,96,44,16,0.36363636363636365
AY.122.2,G22029-,0.9889958734525447,96,44,16,0.36363636363636365
AY.122.2,T22030-,0.9889958734525447,96,44,16,0.36363636363636365
AY.122.2,T22031-,0.9889958734525447,96,44,16,0.36363636363636365
AY.122.2,C22032-,0.9889958734525447,96,44,16,0.36363636363636365
AY.122.2,A22033-,0.9889958734525447,96,44,16,0.36363636363636365
AY.122.2,G22792T,0.9986244841815681,96,44,1,0.022727272727272728
AY.122.2,T22916G,1.0,96,44,19,0.4318181818181818
AY.122.2,C22994A,0.9986244841815681,96,44,22,0.5
AY.122.2,A23402G,1.0,96,44,44,1.0
AY.122.2,C23603G,1.0,96,44,19,0.4318181818181818
AY.122.2,G24409A,0.9931224209078404,96,44,18,0.4090909090909091
AY.122.2,C25468T,1.0,96,44,19,0.4318181818181818
AY.122.2,T26766C,1.0,96,44,19,0.4318181818181818
AY.122.2,C27526T,0.9903713892709766,96,44,1,0.022727272727272728
AY.122.2,T27637C,0.9931224209078404,96,44,12,0.2727272727272727
AY.122.2,C27751T,0.9944979367262724,96,44,19,0.4318181818181818
AY.122.2,C27873T,1.0,96,44,15,0.3409090909090909
AY.122.2,G28247-,0.9986244841815681,96,44,19,0.4318181818181818
AY.122.2,A28248-,0.9986244841815681,96,44,19,0.4318181818181818
AY.122.2,T28249-,0.9986244841815681,96,44,19,0.4318181818181818
AY.122.2,T28250-,0.9986244841815681,96,44,19,0.4318181818181818
AY.122.2,T28251-,0.9986244841815681,96,44,19,0.4318181818181818
AY.122.2,C28252-,0.9986244841815681,96,44,19,0.4318181818181818
AY.122.2,A28270-,0.984869325997249,96,44,19,0.4318181818181818
AY.122.2,A28460G,0.9972489683631361,96,44,18,0.4090909090909091
AY.122.2,G28880T,0.9972489683631361,96,44,19,0.4318181818181818
AY.122.2,G28915T,0.9972489683631361,96,44,15,0.3409090909090909
AY.122.2,G29401T,0.9986244841815681,96,44,19,0.4318181818181818
AY.126,C3036T,1.0,135,44,44,1.0
AY.126,G4180T,1.0,135,44,15,0.3409090909090909
AY.126,C6401T,0.9742734635540734,135,44,15,0.3409090909090909
AY.126,C7123T,0.9976179132920439,135,44,15,0.3409090909090909
AY.126,C8985T,0.9833253930443068,135,44,15,0.3409090909090909
AY.126,G9052T,0.9990471653168176,135,44,14,0.3181818181818182
AY.126,C10028T,0.9995235826584088,135,44,24,0.5454545454545454
AY.126,A11200G,0.9995235826584088,135,44,15,0.3409090909090909
AY.126,A11331G,0.9957122439256789,135,44,14,0.3181818181818182
AY.126,C14407T,0.9995235826584088,135,44,44,1.0
AY.126,C14924T,0.9957122439256789,135,44,1,0.022727272727272728
AY.126,G15450A,1.0,135,44,19,0.4318181818181818
AY.126,C16465T,1.0,135,44,19,0.4318181818181818
AY.126,C19219T,1.0,135,44,15,0.3409090909090909
AY.126,A21136G,1.0,135,44,1,0.022727272727272728
AY.126,C21845T,0.9042401143401619,135,44,13,0.29545454545454547
AY.126,A22028-,0.9514054311576942,135,44,16,0.36363636363636365
AY.126,G22029-,0.9514054311576942,135,44,16,0.36363636363636365
AY.126,T22030-,0.9514054311576942,135,44,16,0.36363636363636365
AY.126,T22031-,0.9514054311576942,135,44,16,0.36363636363636365
AY.126,C22032-,0.9514054311576942,135,44,16,0.36363636363636365
AY.126,A22033-,0.9514054311576942,135,44,16,0.36363636363636365
AY.126,T22916G,0.9961886612672701,135,44,19,0.4318181818181818
AY.126,C22994A,0.9957122439256789,135,44,22,0.5
AY.126,A23402G,0.9957122439256789,135,44,44,1.0
AY.126,C23603G,0.9980943306336351,135,44,19,0.4318181818181818
AY.126,A24109C,0.9995235826584088,135,44,1,0.022727272727272728
AY.126,G24409A,0.9499761791329204,135,44,18,0.4090909090909091
AY.126,A25438C,1.0,135,44,1,0.022727272727272728
AY.126,C25468T,1.0,135,44,19,0.4318181818181818
AY.126,T26766C,1.0,135,44,19,0.4318181818181818
AY.126,C27751T,0.9928537398761315,135,44,19,0.4318181818181818
AY.126,C27873T,0.9947594092424964,135,44,15,0.3409090909090909
AY.126,G28247-,0.9990471653168176,135,44,19,0.4318181818181818
AY.126,A28248-,0.9990471653168176,135,44,19,0.4318181818181818
AY.126,T28249-,0.9990471653168176,135,44,19,0.4318181818181818
AY.126,T28250-,0.9990471653168176,135,44,19,0.4318181818181818
AY.126,T28251-,0.9990471653168176,135,44,19,0.4318181818181818
AY.126,C28252-,0.9990471653168176,135,44,19,0.4318181818181818
AY.126,A28270-,0.9933301572177228,135,44,19,0.4318181818181818
AY.126,A28460G,0.9371129109099571,135,44,18,0.4090909090909091
AY.126,G28880T,0.9880895664602192,135,44,19,0.4318181818181818
AY.126,G28915T,0.9890424011434016,135,44,15,0.3409090909090909
AY.126,G29401T,0.9942829919009052,135,44,19,0.4318181818181818
AY.126,C21617G,0.9609337779895188,135,44,18,0.4090909090909091
AY.46.6,C3036T,0.9955328653477984,35,44,44,1.0
AY.46.6,G4180T,0.9974473516273133,35,44,15,0.3409090909090909
AY.46.6,C6309T,0.998085513720485,35,44,1,0.022727272727272728
AY.46.6,C6401T,0.9955328653477984,35,44,15,0.3409090909090909
AY.46.6,C7123T,0.9872367581365666,35,44,15,0.3409090909090909
AY.46.6,C8985T,0.99617102744097,35,44,15,0.3409090909090909
AY.46.6,G9052T,0.99234205488194,35,44,14,0.3181818181818182
AY.46.6,C10028T,0.9968091895341417,35,44,24,0.5454545454545454
AY.46.6,C10976T,0.9936183790682833,35,44,2,0.045454545454545456
AY.46.6,A11200G,0.998085513720485,35,44,15,0.3409090909090909
AY.46.6,A11331G,1.0,35,44,14,0.3181818181818182
AY.46.6,C14407T,0.9968091895341417,35,44,44,1.0
AY.46.6,G15450A,0.9993618379068283,35,44,19,0.4318181818181818
AY.46.6,C16465T,0.9987236758136566,35,44,19,0.4318181818181818
AY.46.6,C19219T,0.9987236758136566,35,44,15,0.3409090909090909
AY.46.6,C21617G,0.955966815571155,35,44,18,0.4090909090909091
AY.46.6,T22916G,0.9929802169751116,35,44,19,0.4318181818181818
AY.46.6,C22994A,0.9936183790682833,35,44,22,0.5
AY.46.6,A23402G,0.9495851946394385,35,44,44,1.0
AY.46.6,C23603G,0.9936183790682833,35,44,19,0.4318181818181818
AY.46.6,C25468T,0.998085513720485,35,44,19,0.4318181818181818
AY.46.6,T26766C,0.9993618379068283,35,44,19,0.4318181818181818
AY.46.6,T27637C,0.9106573069559668,35,44,12,0.2727272727272727
AY.46.6,C27751T,0.9202297383535418,35,44,19,0.4318181818181818
AY.46.6,C27873T,0.9642629227823867,35,44,15,0.3409090909090909
AY.46.6,G28247-,0.998085513720485,35,44,19,0.4318181818181818
AY.46.6,A28248-,0.998085513720485,35,44,19,0.4318181818181818
AY.46.6,T28249-,0.9974473516273133,35,44,19,0.4318181818181818
AY.46.6,T28250-,0.9974473516273133,35,44,19,0.4318181818181818
AY.46.6,T28251-,0.9974473516273133,35,44,19,0.4318181818181818
AY.46.6,C28252-,0.9974473516273133,35,44,19,0.4318181818181818
AY.46.6,A28270-,0.998085513720485,35,44,19,0.4318181818181818
AY.46.6,G28880T,0.9406509253350351,35,44,19,0.4318181818181818
AY.46.6,G28915T,0.9368219527760051,35,44,15,0.3409090909090909
AY.46.6,G29401T,0.978940650925335,35,44,19,0.4318181818181818
AY.9.2.2,G1728A,1.0,36,44,2,0.045454545454545456
AY.9.2.2,C3036T,0.9966832504145937,36,44,44,1.0
AY.9.2.2,C4320T,0.988391376451078,36,44,2,0.045454545454545456
AY.9.2.2,C5183T,0.9917081260364843,36,44,3,0.06818181818181818
AY.9.2.2,A5583G,0.9900497512437811,36,44,3,0.06818181818181818
AY.9.2.2,A9684G,1.0,36,44,1,0.022727272727272728
AY.9.2.2,C9890T,0.9983416252072969,36,44,3,0.06818181818181818
AY.9.2.2,T11417C,0.9983416252072969,36,44,3,0.06818181818181818
AY.9.2.2,C11513T,0.9983416252072969,36,44,3,0.06818181818181818
AY.9.2.2,G14029A,0.9983416252072969,36,44,2,0.045454545454545456
AY.9.2.2,C14407T,0.9950248756218906,36,44,44,1.0
AY.9.2.2,G15450A,0.9983416252072969,36,44,19,0.4318181818181818
AY.9.2.2,C16465T,0.9983416252072969,36,44,19,0.4318181818181818
AY.9.2.2,C18085T,1.0,36,44,2,0.045454545454545456
AY.9.2.2,C21617G,0.9867330016583747,36,44,18,0.4090909090909091
AY.9.2.2,C22791T,0.9966832504145937,36,44,2,0.045454545454545456
AY.9.2.2,T22916G,0.9867330016583747,36,44,19,0.4318181818181818
AY.9.2.2,C22994A,0.9834162520729685,36,44,22,0.5
AY.9.2.2,A23402G,0.9917081260364843,36,44,44,1.0
AY.9.2.2,C23584A,0.9983416252072969,36,44,1,0.022727272727272728
AY.9.2.2,C23603G,0.9983416252072969,36,44,19,0.4318181818181818
AY.9.2.2,G24409A,0.9237147595356551,36,44,18,0.4090909090909091
AY.9.2.2,C25468T,0.9966832504145937,36,44,19,0.4318181818181818
AY.9.2.2,T26766C,0.9950248756218906,36,44,19,0.4318181818181818
AY.9.2.2,T27637C,0.9718076285240465,36,44,12,0.2727272727272727
AY.9.2.2,C27751T,0.988391376451078,36,44,19,0.4318181818181818
AY.9.2.2,G28247-,0.9800995024875622,36,44,19,0.4318181818181818
AY.9.2.2,A28248-,0.9800995024875622,36,44,19,0.4318181818181818
AY.9.2.2,T28249-,0.9800995024875622,36,44,19,0.4318181818181818
AY.9.2.2,T28250-,0.9800995024875622,36,44,19,0.4318181818181818
AY.9.2.2,T28251-,0.9800995024875622,36,44,19,0.4318181818181818
AY.9.2.2,C28252-,0.9734660033167496,36,44,19,0.4318181818181818
AY.9.2.2,A28270-,0.9734660033167496,36,44,19,0.4318181818181818
AY.9.2.2,A28460G,0.9386401326699834,36,44,18,0.4090909090909091
AY.9.2.2,G28880T,0.9601990049751243,36,44,19,0.4318181818181818
AY.9.2.2,G29401T,0.9917081260364843,36,44,19,0.4318181818181818
AY.4.5,C3036T,1.0,43,44,44,1.0
AY.4.5,G4180T,1.0,43,44,15,0.3409090909090909
AY.4.5,C6401T,1.0,43,44,15,0.3409090909090909
AY.4.5,C7123T,1.0,43,44,15,0.3409090909090909
AY.4.5,C7850T,0.9920634920634921,43,44,2,0.045454545454545456
AY.4.5,C8985T,1.0,43,44,15,0.3409090909090909
AY.4.5,G9052T,1.0,43,44,14,0.3181818181818182
AY.4.5,C10028T,1.0,43,44,24,0.5454545454545454
AY.4.5,A11200G,1.0,43,44,15,0.3409090909090909
AY.4.5,C14407T,1.0,43,44,44,1.0
AY.4.5,A14881C,0.9920634920634921,43,44,1,0.022727272727272728
AY.4.5,G15450A,1.0,43,44,19,0.4318181818181818
AY.4.5,C16465T,1.0,43,44,19,0.4318181818181818
AY.4.5,C19219T,1.0,43,44,15,0.3409090909090909
AY.4.5,C21617G,0.9920634920634921,43,44,18,0.4090909090909091
AY.4.5,C21845T,0.9523809523809523,43,44,13,0.29545454545454547
AY.4.5,G21986A,0.9206349206349206,43,44,5,0.11363636363636363
AY.4.5,A22028-,0.9920634920634921,43,44,16,0.36363636363636365
AY.4.5,G22029-,0.9920634920634921,43,44,16,0.36363636363636365
AY.4.5,T22030-,0.9920634920634921,43,44,16,0.36363636363636365
AY.4.5,T22031-,0.9920634920634921,43,44,16,0.36363636363636365
AY.4.5,C22032-,0.9920634920634921,43,44,16,0.36363636363636365
AY.4.5,A22033-,0.9920634920634921,43,44,16,0.36363636363636365
AY.4.5,T22916G,1.0,43,44,19,0.4318181818181818
AY.4.5,C22994A,1.0,43,44,22,0.5
AY.4.5,A23402G,1.0,43,44,44,1.0
AY.4.5,C23603G,1.0,43,44,19,0.4318181818181818
AY.4.5,G24409A,0.9920634920634921,43,44,18,0.4090909090909091
AY.4.5,G25336T,1.0,43,44,1,0.022727272727272728
AY.4.5,C25468T,1.0,43,44,19,0.4318181818181818
AY.4.5,T26766C,1.0,43,44,19,0.4318181818181818
AY.4.5,C27751T,0.9682539682539683,43,44,19,0.4318181818181818
AY.4.5,C27873T,1.0,43,44,15,0.3409090909090909
AY.4.5,G28247-,1.0,43,44,19,0.4318181818181818
AY.4.5,A28248-,1.0,43,44,19,0.4318181818181818
AY.4.5,T28249-,1.0,43,44,19,0.4318181818181818
AY.4.5,T28250-,1.0,43,44,19,0.4318181818181818
AY.4.5,T28251-,1.0,43,44,19,0.4318181818181818
AY.4.5,C28252-,1.0,43,44,19,0.4318181818181818
AY.4.5,A28460G,0.9841269841269841,43,44,18,0.4090909090909091
AY.4.5,G28880T,0.9920634920634921,43,44,19,0.4318181818181818
AY.4.5,G28915T,1.0,43,44,15,0.3409090909090909
AY.4.5,G29401T,0.9920634920634921,43,44,19,0.4318181818181818
AY.121,C3036T,0.9986033519553073,44,44,44,1.0
AY.121,G4180T,0.9986033519553073,44,44,15,0.3409090909090909
AY.121,C6401T,0.9972067039106145,44,44,15,0.3409090909090909
AY.121,C7123T,0.9972067039106145,44,44,15,0.3409090909090909
AY.121,C8985T,1.0,44,44,15,0.3409090909090909
AY.121,G9052T,0.9958100558659218,44,44,14,0.3181818181818182
AY.121,C10028T,0.9986033519553073,44,44,24,0.5454545454545454
AY.121,A11200G,1.0,44,44,15,0.3409090909090909
AY.121,C13167T,1.0,44,44,1,0.022727272727272728
AY.121,C14407T,0.9986033519553073,44,44,44,1.0
AY.121,G15450A,0.9986033519553073,44,44,19,0.4318181818181818
AY.121,C16465T,1.0,44,44,19,0.4318181818181818
AY.121,C19219T,0.9972067039106145,44,44,15,0.3409090909090909
AY.121,C21617G,0.9650837988826816,44,44,18,0.4090909090909091
AY.121,A22028-,0.9162011173184358,44,44,16,0.36363636363636365
AY.121,G22029-,0.9162011173184358,44,44,16,0.36363636363636365
AY.121,T22030-,0.9162011173184358,44,44,16,0.36363636363636365
AY.121,T22031-,0.9162011173184358,44,44,16,0.36363636363636365
AY.121,C22032-,0.9162011173184358,44,44,16,0.36363636363636365
AY.121,A22033-,0.9162011173184358,44,44,16,0.36363636363636365
AY.121,T22916G,0.9986033519553073,44,44,19,0.4318181818181818
AY.121,C22994A,0.9986033519553073,44,44,22,0.5
AY.121,A23402G,0.9916201117318436,44,44,44,1.0
AY.121,C23556T,0.994413407821229,44,44,1,0.022727272727272728
AY.121,C23603G,0.994413407821229,44,44,19,0.4318181818181818
AY.121,G24409A,0.9329608938547486,44,44,18,0.4090909090909091
AY.121,C25468T,0.9972067039106145,44,44,19,0.4318181818181818
AY.121,G25995T,0.9972067039106145,44,44,2,0.045454545454545456
AY.121,T26766C,0.9986033519553073,44,44,19,0.4318181818181818
AY.121,T27637C,0.9692737430167597,44,44,12,0.2727272727272727
AY.121,C27751T,0.9874301675977654,44,44,19,0.4318181818181818
AY.121,C27873T,0.9958100558659218,44,44,15,0.3409090909090909
AY.121,G28247-,0.994413407821229,44,44,19,0.4318181818181818
AY.121,A28248-,0.994413407821229,44,44,19,0.4318181818181818
AY.121,T28249-,0.994413407821229,44,44,19,0.4318181818181818
AY.121,T28250-,0.994413407821229,44,44,19,0.4318181818181818
AY.121,T28251-,0.994413407821229,44,44,19,0.4318181818181818
AY.121,C28252-,0.994413407821229,44,44,19,0.4318181818181818
AY.121,A28270-,0.9902234636871509,44,44,19,0.4318181818181818
AY.121,A28460G,0.909217877094972,44,44,18,0.4090909090909091
AY.121,G28880T,0.9762569832402235,44,44,19,0.4318181818181818
AY.121,G28915T,0.9762569832402235,44,44,15,0.3409090909090909
AY.121,G29401T,0.994413407821229,44,44,19,0.4318181818181818
AY.121,A11331G,0.9622905027932961,44,44,14,0.3181818181818182
AY.127,C3036T,0.9990942028985508,45,44,44,1.0
AY.127,G4180T,0.9990942028985508,45,44,15,0.3409090909090909
AY.127,C6401T,0.970108695652174,45,44,15,0.3409090909090909
AY.127,C7123T,0.9954710144927537,45,44,15,0.3409090909090909
AY.127,C8985T,1.0,45,44,15,0.3409090909090909
AY.127,G9052T,0.9782608695652174,45,44,14,0.3181818181818182
AY.127,C10028T,0.9972826086956522,45,44,24,0.5454545454545454
AY.127,A11200G,0.9990942028985508,45,44,15,0.3409090909090909
AY.127,A11331G,0.9981884057971014,45,44,14,0.3181818181818182
AY.127,C14407T,0.9791666666666666,45,44,44,1.0
AY.127,G15450A,1.0,45,44,19,0.4318181818181818
AY.127,C16465T,1.0,45,44,19,0.4318181818181818
AY.127,C19219T,0.9990942028985508,45,44,15,0.3409090909090909
AY.127,C21617G,0.967391304347826,45,44,18,0.4090909090909091
AY.127,T22916G,0.9981884057971014,45,44,19,0.4318181818181818
AY.127,C22994A,0.9981884057971014,45,44,22,0.5
AY.127,A23402G,0.9954710144927537,45,44,44,1.0
AY.127,C23603G,0.9846014492753623,45,44,19,0.4318181818181818
AY.127,C25468T,0.9990942028985508,45,44,19,0.4318181818181818
AY.127,G25537T,0.9945652173913043,45,44,1,0.022727272727272728
AY.127,C26053A,0.9981884057971014,45,44,1,0.022727272727272728
AY.127,T26766C,0.9963768115942029,45,44,19,0.4318181818181818
AY.127,T27637C,0.9411231884057971,45,44,12,0.2727272727272727
AY.127,C27751T,0.9846014492753623,45,44,19,0.4318181818181818
AY.127,C27873T,0.9954710144927537,45,44,15,0.3409090909090909
AY.127,G28247-,0.9963768115942029,45,44,19,0.4318181818181818
AY.127,A28248-,0.9963768115942029,45,44,19,0.4318181818181818
AY.127,T28249-,0.9963768115942029,45,44,19,0.4318181818181818
AY.127,T28250-,0.9945652173913043,45,44,19,0.4318181818181818
AY.127,T28251-,0.9945652173913043,45,44,19,0.4318181818181818
AY.127,C28252-,0.9945652173913043,45,44,19,0.4318181818181818
AY.127,A28270-,0.9954710144927537,45,44,19,0.4318181818181818
AY.127,G28377T,0.9846014492753623,45,44,2,0.045454545454545456
AY.127,G28880T,0.967391304347826,45,44,19,0.4318181818181818
AY.127,G28915T,0.970108695652174,45,44,15,0.3409090909090909
AY.127,G29401T,0.9972826086956522,45,44,19,0.4318181818181818
AY.127,G24409A,0.9664855072463768,45,44,18,0.4090909090909091
AY.127,A22028-,0.9637681159420289,45,44,16,0.36363636363636365
AY.127,G22029-,0.9637681159420289,45,44,16,0.36363636363636365
AY.127,T22030-,0.9637681159420289,45,44,16,0.36363636363636365
AY.127,T22031-,0.9637681159420289,45,44,16,0.36363636363636365
AY.127,C22032-,0.9637681159420289,45,44,16,0.36363636363636365
AY.127,A22033-,0.9637681159420289,45,44,16,0.36363636363636365
AY.127,A28460G,0.957427536231884,45,44,18,0.4090909090909091
AY.127,C21845T,0.9130434782608695,45,44,13,0.29545454545454547
BA.2,T669G,0.9852111421274574,65,44,1,0.022727272727272728
BA.2,C2789T,0.9931104115935143,65,44,1,0.022727272727272728
BA.2,C3036T,0.9976242798598325,65,44,44,1.0
BA.2,G4183A,0.9972085288353032,65,44,1,0.022727272727272728
BA.2,C4320T,0.9972085288353032,65,44,2,0.045454545454545456
BA.2,C9343T,0.9969115638177822,65,44,1,0.022727272727272728
BA.2,A9423G,0.9950109877056482,65,44,1,0.022727272727272728
BA.2,C9533T,0.9982182098948744,65,44,1,0.022727272727272728
BA.2,C9865T,0.9865177882045495,65,44,1,0.022727272727272728
BA.2,C10028T,0.9986339609194037,65,44,24,0.5454545454545454
BA.2,G10446A,0.9985151749123953,65,44,1,0.022727272727272728
BA.2,C10448A,0.9991091049474372,65,44,9,0.20454545454545456
BA.2,C12879T,0.9988121399299162,65,44,1,0.022727272727272728
BA.2,C14407T,0.9998812139929917,65,44,44,1.0
BA.2,C15713T,0.999049711943933,65,44,1,0.022727272727272728
BA.2,C17409T,0.9991684979509414,65,44,1,0.022727272727272728
BA.2,A18162G,0.9991091049474372,65,44,9,0.20454545454545456
BA.2,C19954T,0.9892498663657421,65,44,1,0.022727272727272728
BA.2,A20054G,0.9903189404288175,65,44,1,0.022727272727272728
BA.2,C21617T,0.9793906277840471,65,44,1,0.022727272727272728
BA.2,G21986A,0.9921601235374473,65,44,5,0.11363636363636363
BA.2,T22199G,0.9700659262338897,65,44,1,0.022727272727272728
BA.2,G22577A,0.9985151749123953,65,44,9,0.20454545454545456
BA.2,C22673T,0.9847359980994239,65,44,2,0.045454545454545456
BA.2,T22678C,0.9824196709627606,65,44,2,0.045454545454545456
BA.2,C22685T,0.9856268931519867,65,44,2,0.045454545454545456
BA.2,A22687G,0.9855675001484825,65,44,1,0.022727272727272728
BA.2,G22991A,0.9833699590188276,65,44,3,0.06818181818181818
BA.2,C22994A,0.9832511730118192,65,44,22,0.5
BA.2,A23012C,0.9821227059452396,65,44,2,0.045454545454545456
BA.2,A23402G,0.9998218209894875,65,44,44,1.0
BA.2,C23524T,0.9991684979509414,65,44,9,0.20454545454545456
BA.2,T23598G,0.9994654629684623,65,44,9,0.20454545454545456
BA.2,C23603A,0.9995248559719665,65,44,10,0.22727272727272727
BA.2,C23853A,0.9926946605689849,65,44,9,0.20454545454545456
BA.2,G23947T,0.9982182098948744,65,44,9,0.20454545454545456
BA.2,A24423T,0.9994060699649582,65,44,9,0.20454545454545456
BA.2,T24468A,0.9995248559719665,65,44,9,0.20454545454545456
BA.2,C24999T,0.9946546296846231,65,44,9,0.20454545454545456
BA.2,C25583T,0.9968521708142781,65,44,9,0.20454545454545456
BA.2,C26059T,0.998752746926412,65,44,1,0.022727272727272728
BA.2,C26269T,0.9992278909544455,65,44,9,0.20454545454545456
BA.2,C26576G,0.9772524796578963,65,44,9,0.20454545454545456
BA.2,G26708A,0.999346676961454,65,44,9,0.20454545454545456
BA.2,C26857T,0.9975648868563283,65,44,1,0.022727272727272728
BA.2,A27258C,0.9799251648155847,65,44,9,0.20454545454545456
BA.2,G27381C,0.9970897428282949,65,44,1,0.022727272727272728
BA.2,A27382T,0.9970897428282949,65,44,1,0.022727272727272728
BA.2,T27383C,0.9969709568212864,65,44,1,0.022727272727272728
BA.2,C27806T,0.9834887450258359,65,44,9,0.20454545454545456
BA.2,A28270T,0.9913880144918928,65,44,9,0.20454545454545456
BA.2,C28310T,0.9903783334323216,65,44,9,0.20454545454545456
BA.2,G28361-,0.9839044960503652,65,44,9,0.20454545454545456
BA.2,A28362-,0.9839044960503652,65,44,9,0.20454545454545456
BA.2,G28363-,0.9839044960503652,65,44,9,0.20454545454545456
BA.2,A28364-,0.9839044960503652,65,44,9,0.20454545454545456
BA.2,A28365-,0.9839044960503652,65,44,9,0.20454545454545456
BA.2,C28366-,0.9839044960503652,65,44,9,0.20454545454545456
BA.2,G28367-,0.9838451030468611,65,44,9,0.20454545454545456
BA.2,C28368-,0.9838451030468611,65,44,9,0.20454545454545456
BA.2,A28369-,0.9838451030468611,65,44,9,0.20454545454545456
BA.2,G28880A,0.9466650828532399,65,44,10,0.22727272727272727
BA.2,G28881A,0.9467244758567441,65,44,10,0.22727272727272727
BA.2,G28882C,0.9467838688602482,65,44,10,0.22727272727272727
BA.2,A29509C,0.9822414919522481,65,44,1,0.022727272727272728
BA.1.1,A2831G,0.9952981935164563,62,44,8,0.18181818181818182
BA.1.1,C3036T,0.9977728285077951,62,44,44,1.0
BA.1.1,T5385G,0.9992576095025983,62,44,8,0.18181818181818182
BA.1.1,G6512-,0.9876268250433061,62,44,8,0.18181818181818182
BA.1.1,T6513-,0.9876268250433061,62,44,8,0.18181818181818182
BA.1.1,T6514-,0.9871318980450383,62,44,8,0.18181818181818182
BA.1.1,G8392A,0.9925760950259837,62,44,8,0.18181818181818182
BA.1.1,C10028T,0.9985152190051967,62,44,24,0.5454545454545454
BA.1.1,C10448A,0.9935659490225192,62,44,9,0.20454545454545456
BA.1.1,A11536G,0.9985152190051967,62,44,8,0.18181818181818182
BA.1.1,T13194C,0.9975253650086612,62,44,8,0.18181818181818182
BA.1.1,C14407T,1.0,62,44,44,1.0
BA.1.1,C15239T,0.9975253650086612,62,44,8,0.18181818181818182
BA.1.1,A18162G,0.9997525365008662,62,44,9,0.20454545454545456
BA.1.1,C21761T,0.9977728285077951,62,44,8,0.18181818181818182
BA.1.1,T21764-,0.9866369710467706,62,44,10,0.22727272727272727
BA.1.1,A21765-,0.9866369710467706,62,44,10,0.22727272727272727
BA.1.1,C21766-,0.9868844345459045,62,44,10,0.22727272727272727
BA.1.1,A21767-,0.9868844345459045,62,44,10,0.22727272727272727
BA.1.1,T21768-,0.9868844345459045,62,44,10,0.22727272727272727
BA.1.1,C21845T,0.9905963870329126,62,44,13,0.29545454545454547
BA.1.1,G21986-,0.985894580549369,62,44,8,0.18181818181818182
BA.1.1,T21987-,0.985894580549369,62,44,8,0.18181818181818182
BA.1.1,G21988-,0.985894580549369,62,44,8,0.18181818181818182
BA.1.1,T21989-,0.9861420440485028,62,44,8,0.18181818181818182
BA.1.1,T21990-,0.9861420440485028,62,44,8,0.18181818181818182
BA.1.1,T21991-,0.9861420440485028,62,44,9,0.20454545454545456
BA.1.1,A21992-,0.9861420440485028,62,44,9,0.20454545454545456
BA.1.1,T21993-,0.9861420440485028,62,44,9,0.20454545454545456
BA.1.1,T21994-,0.9851521900519673,62,44,8,0.18181818181818182
BA.1.1,C23201A,0.9992576095025983,62,44,8,0.18181818181818182
BA.1.1,A23402G,0.9997525365008662,62,44,44,1.0
BA.1.1,C23524T,0.9987626825043306,62,44,9,0.20454545454545456
BA.1.1,T23598G,0.9990101460034645,62,44,9,0.20454545454545456
BA.1.1,C23603A,0.9990101460034645,62,44,10,0.22727272727272727
BA.1.1,C23853A,0.9893590695372433,62,44,9,0.20454545454545456
BA.1.1,G23947T,0.996040584013858,62,44,9,0.20454545454545456
BA.1.1,C24129A,0.9987626825043306,62,44,8,0.18181818181818182
BA.1.1,A24423T,0.9990101460034645,62,44,9,0.20454545454545456
BA.1.1,T24468A,0.9972779015095273,62,44,9,0.20454545454545456
BA.1.1,C24502T,0.9977728285077951,62,44,8,0.18181818181818182
BA.1.1,C24999T,0.998020292006929,62,44,9,0.20454545454545456
BA.1.1,C25583T,0.9965355110121257,62,44,9,0.20454545454545456
BA.1.1,C26269T,0.9990101460034645,62,44,9,0.20454545454545456
BA.1.1,A26529G,0.9304627567433803,62,44,4,0.09090909090909091
BA.1.1,C26576G,0.9668398911160604,62,44,9,0.20454545454545456
BA.1.1,G26708A,0.9923286315268498,62,44,9,0.20454545454545456
BA.1.1,A27258C,0.9992576095025983,62,44,9,0.20454545454545456
BA.1.1,C27806T,0.9806978470675576,62,44,9,0.20454545454545456
BA.1.1,A28270T,0.9819351645632269,62,44,9,0.20454545454545456
BA.1.1,C28310T,0.9809453105666914,62,44,9,0.20454545454545456
BA.1.1,G28361-,0.9710467706013363,62,44,9,0.20454545454545456
BA.1.1,A28362-,0.9710467706013363,62,44,9,0.20454545454545456
BA.1.1,G28363-,0.9710467706013363,62,44,9,0.20454545454545456
BA.1.1,A28364-,0.9710467706013363,62,44,9,0.20454545454545456
BA.1.1,A28365-,0.9710467706013363,62,44,9,0.20454545454545456
BA.1.1,C28366-,0.9710467706013363,62,44,9,0.20454545454545456
BA.1.1,G28367-,0.9710467706013363,62,44,9,0.20454545454545456
BA.1.1,C28368-,0.9710467706013363,62,44,9,0.20454545454545456
BA.1.1,A28369-,0.9710467706013363,62,44,9,0.20454545454545456
BA.1.1,G22577A,0.9747587230883444,62,44,9,0.20454545454545456
BA.1.1,G22598A,0.9549616431576342,62,44,2,0.045454545454545456
BA.1,A2831G,0.9908835904628331,63,44,8,0.18181818181818182
BA.1,C3036T,0.9948574100046751,63,44,44,1.0
BA.1,T5385G,0.9983637213651239,63,44,8,0.18181818181818182
BA.1,G6512-,0.9908835904628331,63,44,8,0.18181818181818182
BA.1,T6513-,0.9908835904628331,63,44,8,0.18181818181818182
BA.1,T6514-,0.9906498363721365,63,44,8,0.18181818181818182
BA.1,G8392A,0.9941561477325853,63,44,8,0.18181818181818182
BA.1,C10028T,0.9957924263674615,63,44,24,0.5454545454545454
BA.1,C10448A,0.9943899018232819,63,44,9,0.20454545454545456
BA.1,A11536G,0.9990649836372136,63,44,8,0.18181818181818182
BA.1,T13194C,0.9971949509116409,63,44,8,0.18181818181818182
BA.1,C14407T,0.9985974754558204,63,44,44,1.0
BA.1,C15239T,0.9974287050023375,63,44,8,0.18181818181818182
BA.1,A18162G,0.998831229546517,63,44,9,0.20454545454545456
BA.1,C21761T,0.9976624590930341,63,44,8,0.18181818181818182
BA.1,T21764-,0.9913510986442263,63,44,10,0.22727272727272727
BA.1,A21765-,0.9913510986442263,63,44,10,0.22727272727272727
BA.1,C21766-,0.9918186068256194,63,44,10,0.22727272727272727
BA.1,A21767-,0.9918186068256194,63,44,10,0.22727272727272727
BA.1,T21768-,0.9918186068256194,63,44,10,0.22727272727272727
BA.1,C21845T,0.988078541374474,63,44,13,0.29545454545454547
BA.1,G21986-,0.9911173445535297,63,44,8,0.18181818181818182
BA.1,T21987-,0.9915848527349228,63,44,8,0.18181818181818182
BA.1,G21988-,0.9915848527349228,63,44,8,0.18181818181818182
BA.1,T21989-,0.9915848527349228,63,44,8,0.18181818181818182
BA.1,T21990-,0.9915848527349228,63,44,8,0.18181818181818182
BA.1,T21991-,0.9915848527349228,63,44,9,0.20454545454545456
BA.1,A21992-,0.9915848527349228,63,44,9,0.20454545454545456
BA.1,T21993-,0.9915848527349228,63,44,9,0.20454545454545456
BA.1,T21994-,0.9915848527349228,63,44,8,0.18181818181818182
BA.1,G22577A,0.9527816736792893,63,44,9,0.20454545454545456
BA.1,C23201A,0.9983637213651239,63,44,8,0.18181818181818182
BA.1,A23402G,0.998831229546517,63,44,44,1.0
BA.1,C23524T,0.9964936886395512,63,44,9,0.20454545454545456
BA.1,T23598G,0.9964936886395512,63,44,9,0.20454545454545456
BA.1,C23603A,0.996026180458158,63,44,10,0.22727272727272727
BA.1,C23853A,0.9829359513791491,63,44,9,0.20454545454545456
BA.1,G23947T,0.9948574100046751,63,44,9,0.20454545454545456
BA.1,C24129A,0.9964936886395512,63,44,8,0.18181818181818182
BA.1,A24423T,0.9974287050023375,63,44,9,0.20454545454545456
BA.1,T24468A,0.9967274427302478,63,44,9,0.20454545454545456
BA.1,C24502T,0.996026180458158,63,44,8,0.18181818181818182
BA.1,C24999T,0.9976624590930341,63,44,9,0.20454545454545456
BA.1,C25583T,0.9929873772791024,63,44,9,0.20454545454545456
BA.1,C26269T,0.9990649836372136,63,44,9,0.20454545454545456
BA.1,C26576G,0.958625525946704,63,44,9,0.20454545454545456
BA.1,G26708A,0.9887798036465638,63,44,9,0.20454545454545456
BA.1,A27258C,0.9985974754558204,63,44,9,0.20454545454545456
BA.1,C27806T,0.9768583450210379,63,44,9,0.20454545454545456
BA.1,A28270T,0.9754558204768583,63,44,9,0.20454545454545456
BA.1,C28310T,0.9749883122954651,63,44,9,0.20454545454545456
BA.1,G28361-,0.9649368863955119,63,44,9,0.20454545454545456
BA.1,A28362-,0.9649368863955119,63,44,9,0.20454545454545456
BA.1,G28363-,0.9649368863955119,63,44,9,0.20454545454545456
BA.1,A28364-,0.9647031323048153,63,44,9,0.20454545454545456
BA.1,A28365-,0.9647031323048153,63,44,9,0.20454545454545456
BA.1,C28366-,0.9647031323048153,63,44,9,0.20454545454545456
BA.1,G28367-,0.9647031323048153,63,44,9,0.20454545454545456
BA.1,C28368-,0.9647031323048153,63,44,9,0.20454545454545456
BA.1,A28369-,0.9647031323048153,63,44,9,0.20454545454545456
BA.1,G28880A,0.9179523141654979,63,44,10,0.22727272727272727
BA.1,G28881A,0.9177185600748013,63,44,10,0.22727272727272727
BA.1,G28882C,0.9177185600748013,63,44,10,0.22727272727272727
BA.1.13,G1956T,1.0,61,44,1,0.022727272727272728
BA.1.13,A2831G,0.9903147699757869,61,44,8,0.18181818181818182
BA.1.13,C3036T,0.9927360774818402,61,44,44,1.0
BA.1.13,T5385G,0.9951573849878934,61,44,8,0.18181818181818182
BA.1.13,G6512-,0.9951573849878934,61,44,8,0.18181818181818182
BA.1.13,T6513-,0.9951573849878934,61,44,8,0.18181818181818182
BA.1.13,T6514-,0.9951573849878934,61,44,8,0.18181818181818182
BA.1.13,G8392A,0.9951573849878934,61,44,8,0.18181818181818182
BA.1.13,C10028T,1.0,61,44,24,0.5454545454545454
BA.1.13,C10448A,0.9782082324455206,61,44,9,0.20454545454545456
BA.1.13,A11536G,1.0,61,44,8,0.18181818181818182
BA.1.13,T13194C,0.9951573849878934,61,44,8,0.18181818181818182
BA.1.13,C14407T,0.9975786924939467,61,44,44,1.0
BA.1.13,C15239T,0.9975786924939467,61,44,8,0.18181818181818182
BA.1.13,A18162G,1.0,61,44,9,0.20454545454545456
BA.1.13,C21761T,0.9975786924939467,61,44,8,0.18181818181818182
BA.1.13,T21764-,0.9975786924939467,61,44,10,0.22727272727272727
BA.1.13,A21765-,0.9975786924939467,61,44,10,0.22727272727272727
BA.1.13,C21766-,0.9975786924939467,61,44,10,0.22727272727272727
BA.1.13,A21767-,0.9975786924939467,61,44,10,0.22727272727272727
BA.1.13,T21768-,0.9975786924939467,61,44,10,0.22727272727272727
BA.1.13,C21845T,0.9806295399515739,61,44,13,0.29545454545454547
BA.1.13,G21986-,0.9927360774818402,61,44,8,0.18181818181818182
BA.1.13,T21987-,0.9927360774818402,61,44,8,0.18181818181818182
BA.1.13,G21988-,0.9927360774818402,61,44,8,0.18181818181818182
BA.1.13,T21989-,0.9927360774818402,61,44,8,0.18181818181818182
BA.1.13,T21990-,0.9927360774818402,61,44,8,0.18181818181818182
BA.1.13,T21991-,0.9927360774818402,61,44,9,0.20454545454545456
BA.1.13,A21992-,0.9927360774818402,61,44,9,0.20454545454545456
BA.1.13,T21993-,0.9927360774818402,61,44,9,0.20454545454545456
BA.1.13,T21994-,0.9927360774818402,61,44,8,0.18181818181818182
BA.1.13,G22577A,0.9467312348668281,61,44,9,0.20454545454545456
BA.1.13,C23201A,1.0,61,44,8,0.18181818181818182
BA.1.13,A23402G,0.9975786924939467,61,44,44,1.0
BA.1.13,C23524T,0.9951573849878934,61,44,9,0.20454545454545456
BA.1.13,T23598G,0.9951573849878934,61,44,9,0.20454545454545456
BA.1.13,C23603A,0.9951573849878934,61,44,10,0.22727272727272727
BA.1.13,C23853A,0.9806295399515739,61,44,9,0.20454545454545456
BA.1.13,G23947T,0.9951573849878934,61,44,9,0.20454545454545456
BA.1.13,C24129A,1.0,61,44,8,0.18181818181818182
BA.1.13,A24423T,1.0,61,44,9,0.20454545454545456
BA.1.13,T24468A,0.9975786924939467,61,44,9,0.20454545454545456
BA.1.13,C24502T,0.9975786924939467,61,44,8,0.18181818181818182
BA.1.13,C24999T,0.9975786924939467,61,44,9,0.20454545454545456
BA.1.13,C25583T,0.9854721549636803,61,44,9,0.20454545454545456
BA.1.13,C26269T,1.0,61,44,9,0.20454545454545456
BA.1.13,C26576G,0.9491525423728814,61,44,9,0.20454545454545456
BA.1.13,G26708A,0.9854721549636803,61,44,9,0.20454545454545456
BA.1.13,A27258C,0.9951573849878934,61,44,9,0.20454545454545456
BA.1.13,C27806T,0.9733656174334141,61,44,9,0.20454545454545456
BA.1.13,A28270T,0.9636803874092009,61,44,9,0.20454545454545456
BA.1.13,C28310T,0.9636803874092009,61,44,9,0.20454545454545456
BA.1.13,G28361-,0.9636803874092009,61,44,9,0.20454545454545456
BA.1.13,A28362-,0.9636803874092009,61,44,9,0.20454545454545456
BA.1.13,G28363-,0.9636803874092009,61,44,9,0.20454545454545456
BA.1.13,A28364-,0.9636803874092009,61,44,9,0.20454545454545456
BA.1.13,A28365-,0.9636803874092009,61,44,9,0.20454545454545456
BA.1.13,C28366-,0.9636803874092009,61,44,9,0.20454545454545456
BA.1.13,G28367-,0.9636803874092009,61,44,9,0.20454545454545456
BA.1.13,C28368-,0.9636803874092009,61,44,9,0.20454545454545456
BA.1.13,A28369-,0.9636803874092009,61,44,9,0.20454545454545456
BA.1.15,A2831G,0.9947201689545935,67,44,8,0.18181818181818182
BA.1.15,C3036T,0.9978880675818373,67,44,44,1.0
BA.1.15,T5385G,0.9989440337909187,67,44,8,0.18181818181818182
BA.1.15,G6512-,0.9947201689545935,67,44,8,0.18181818181818182
BA.1.15,T6513-,0.9947201689545935,67,44,8,0.18181818181818182
BA.1.15,T6514-,0.9947201689545935,67,44,8,0.18181818181818182
BA.1.15,G8392A,0.9978880675818373,67,44,8,0.18181818181818182
BA.1.15,C10028T,0.996832101372756,67,44,24,0.5454545454545454
BA.1.15,T10134C,0.9947201689545935,67,44,1,0.022727272727272728
BA.1.15,C10448A,0.9947201689545935,67,44,9,0.20454545454545456
BA.1.15,A11536G,0.9957761351636748,67,44,8,0.18181818181818182
BA.1.15,T13194C,0.9978880675818373,67,44,8,0.18181818181818182
BA.1.15,C14407T,0.9978880675818373,67,44,44,1.0
BA.1.15,C15239T,0.9978880675818373,67,44,8,0.18181818181818182
BA.1.15,A18162G,0.9989440337909187,67,44,9,0.20454545454545456
BA.1.15,C21761T,0.9947201689545935,67,44,8,0.18181818181818182
BA.1.15,T21764-,0.9936642027455121,67,44,10,0.22727272727272727
BA.1.15,A21765-,0.9936642027455121,67,44,10,0.22727272727272727
BA.1.15,C21766-,0.9947201689545935,67,44,10,0.22727272727272727
BA.1.15,A21767-,0.9947201689545935,67,44,10,0.22727272727272727
BA.1.15,T21768-,0.9947201689545935,67,44,10,0.22727272727272727
BA.1.15,C21845T,0.9904963041182682,67,44,13,0.29545454545454547
BA.1.15,G21986-,0.9978880675818373,67,44,8,0.18181818181818182
BA.1.15,T21987-,0.9978880675818373,67,44,8,0.18181818181818182
BA.1.15,G21988-,0.9978880675818373,67,44,8,0.18181818181818182
BA.1.15,T21989-,0.9978880675818373,67,44,8,0.18181818181818182
BA.1.15,T21990-,0.9978880675818373,67,44,8,0.18181818181818182
BA.1.15,T21991-,0.9978880675818373,67,44,9,0.20454545454545456
BA.1.15,A21992-,0.9978880675818373,67,44,9,0.20454545454545456
BA.1.15,T21993-,0.9978880675818373,67,44,9,0.20454545454545456
BA.1.15,T21994-,0.9978880675818373,67,44,8,0.18181818181818182
BA.1.15,G22577A,0.9514255543822597,67,44,9,0.20454545454545456
BA.1.15,C23201A,0.9989440337909187,67,44,8,0.18181818181818182
BA.1.15,A23402G,0.9989440337909187,67,44,44,1.0
BA.1.15,C23524T,0.9978880675818373,67,44,9,0.20454545454545456
BA.1.15,T23598G,0.9957761351636748,67,44,9,0.20454545454545456
BA.1.15,C23603A,0.9978880675818373,67,44,10,0.22727272727272727
BA.1.15,C23853A,0.9809926082365364,67,44,9,0.20454545454545456
BA.1.15,G23947T,0.9957761351636748,67,44,9,0.20454545454545456
BA.1.15,C24129A,0.9978880675818373,67,44,8,0.18181818181818182
BA.1.15,A24423T,0.9978880675818373,67,44,9,0.20454545454545456
BA.1.15,T24468A,0.9957761351636748,67,44,9,0.20454545454545456
BA.1.15,C24502T,0.996832101372756,67,44,8,0.18181818181818182
BA.1.15,C24999T,0.9957761351636748,67,44,9,0.20454545454545456
BA.1.15,C25583T,0.996832101372756,67,44,9,0.20454545454545456
BA.1.15,C25707T,0.989440337909187,67,44,1,0.022727272727272728
BA.1.15,C26269T,0.9957761351636748,67,44,9,0.20454545454545456
BA.1.15,A26529G,0.9176346356916578,67,44,4,0.09090909090909091
BA.1.15,C26576G,0.9493136219640972,67,44,9,0.20454545454545456
BA.1.15,G26708A,0.989440337909187,67,44,9,0.20454545454545456
BA.1.15,A27258C,0.9936642027455121,67,44,9,0.20454545454545456
BA.1.15,C27806T,0.9683210137275607,67,44,9,0.20454545454545456
BA.1.15,A28270T,0.9831045406546991,67,44,9,0.20454545454545456
BA.1.15,C28310T,0.9778247096092925,67,44,9,0.20454545454545456
BA.1.15,G28361-,0.9736008447729673,67,44,9,0.20454545454545456
BA.1.15,A28362-,0.9736008447729673,67,44,9,0.20454545454545456
BA.1.15,G28363-,0.9736008447729673,67,44,9,0.20454545454545456
BA.1.15,A28364-,0.9736008447729673,67,44,9,0.20454545454545456
BA.1.15,A28365-,0.9736008447729673,67,44,9,0.20454545454545456
BA.1.15,C28366-,0.9736008447729673,67,44,9,0.20454545454545456
BA.1.15,G28367-,0.9736008447729673,67,44,9,0.20454545454545456
BA.1.15,C28368-,0.9736008447729673,67,44,9,0.20454545454545456
BA.1.15,A28369-,0.9736008447729673,67,44,9,0.20454545454545456
BA.1.15,G28880A,0.9081309398099261,67,44,10,0.22727272727272727
BA.1.15,G28881A,0.9091869060190074,67,44,10,0.22727272727272727
BA.1.15,G28882C,0.9091869060190074,67,44,10,0.22727272727272727
BA.1.15,A29300G,0.9482576557550159,67,44,1,0.022727272727272728
BA.1.17,A2831G,0.9948453608247423,65,44,8,0.18181818181818182
BA.1.17,C3036T,0.9971363115693013,65,44,44,1.0
BA.1.17,T5385G,0.9988545246277205,65,44,8,0.18181818181818182
BA.1.17,G5923A,1.0,65,44,1,0.022727272727272728
BA.1.17,G6512-,0.9988545246277205,65,44,8,0.18181818181818182
BA.1.17,T6513-,0.9988545246277205,65,44,8,0.18181818181818182
BA.1.17,T6514-,0.9982817869415808,65,44,8,0.18181818181818182
BA.1.17,G8392A,0.997709049255441,65,44,8,0.18181818181818182
BA.1.17,C10028T,0.9971363115693013,65,44,24,0.5454545454545454
BA.1.17,C10448A,0.997709049255441,65,44,9,0.20454545454545456
BA.1.17,A11536G,0.9982817869415808,65,44,8,0.18181818181818182
BA.1.17,T13194C,0.9965635738831615,65,44,8,0.18181818181818182
BA.1.17,C14407T,1.0,65,44,44,1.0
BA.1.17,C15239T,0.997709049255441,65,44,8,0.18181818181818182
BA.1.17,A18162G,0.9988545246277205,65,44,9,0.20454545454545456
BA.1.17,C21761T,0.9982817869415808,65,44,8,0.18181818181818182
BA.1.17,T21764-,0.997709049255441,65,44,10,0.22727272727272727
BA.1.17,A21765-,0.997709049255441,65,44,10,0.22727272727272727
BA.1.17,C21766-,0.9982817869415808,65,44,10,0.22727272727272727
BA.1.17,A21767-,0.9982817869415808,65,44,10,0.22727272727272727
BA.1.17,T21768-,0.9982817869415808,65,44,10,0.22727272727272727
BA.1.17,C21845T,0.9902634593356243,65,44,13,0.29545454545454547
BA.1.17,G21986-,0.9971363115693013,65,44,8,0.18181818181818182
BA.1.17,T21987-,0.9971363115693013,65,44,8,0.18181818181818182
BA.1.17,G21988-,0.997709049255441,65,44,8,0.18181818181818182
BA.1.17,T21989-,0.997709049255441,65,44,8,0.18181818181818182
BA.1.17,T21990-,0.997709049255441,65,44,8,0.18181818181818182
BA.1.17,T21991-,0.997709049255441,65,44,9,0.20454545454545456
BA.1.17,A21992-,0.997709049255441,65,44,9,0.20454545454545456
BA.1.17,T21993-,0.997709049255441,65,44,9,0.20454545454545456
BA.1.17,T21994-,0.997709049255441,65,44,8,0.18181818181818182
BA.1.17,G22577A,0.9621993127147767,65,44,9,0.20454545454545456
BA.1.17,C23201A,1.0,65,44,8,0.18181818181818182
BA.1.17,A23402G,1.0,65,44,44,1.0
BA.1.17,C23524T,0.9971363115693013,65,44,9,0.20454545454545456
BA.1.17,T23598G,0.997709049255441,65,44,9,0.20454545454545456
BA.1.17,C23603A,0.997709049255441,65,44,10,0.22727272727272727
BA.1.17,C23853A,0.9868270332187858,65,44,9,0.20454545454545456
BA.1.17,G23947T,0.9959908361970218,65,44,9,0.20454545454545456
BA.1.17,C24129A,0.9959908361970218,65,44,8,0.18181818181818182
BA.1.17,A24423T,0.9965635738831615,65,44,9,0.20454545454545456
BA.1.17,T24468A,0.995418098510882,65,44,9,0.20454545454545456
BA.1.17,C24502T,0.995418098510882,65,44,8,0.18181818181818182
BA.1.17,C24999T,0.995418098510882,65,44,9,0.20454545454545456
BA.1.17,C25583T,0.9959908361970218,65,44,9,0.20454545454545456
BA.1.17,C26269T,0.9988545246277205,65,44,9,0.20454545454545456
BA.1.17,A26529G,0.9026345933562429,65,44,4,0.09090909090909091
BA.1.17,C26576G,0.9679266895761741,65,44,9,0.20454545454545456
BA.1.17,G26708A,0.9914089347079038,65,44,9,0.20454545454545456
BA.1.17,A27258C,0.9988545246277205,65,44,9,0.20454545454545456
BA.1.17,C27806T,0.9799541809851088,65,44,9,0.20454545454545456
BA.1.17,A28270T,0.9616265750286369,65,44,9,0.20454545454545456
BA.1.17,C28310T,0.9610538373424972,65,44,9,0.20454545454545456
BA.1.17,G28361-,0.9604810996563574,65,44,9,0.20454545454545456
BA.1.17,A28362-,0.9604810996563574,65,44,9,0.20454545454545456
BA.1.17,G28363-,0.9604810996563574,65,44,9,0.20454545454545456
BA.1.17,A28364-,0.9604810996563574,65,44,9,0.20454545454545456
BA.1.17,A28365-,0.9604810996563574,65,44,9,0.20454545454545456
BA.1.17,C28366-,0.9604810996563574,65,44,9,0.20454545454545456
BA.1.17,G28367-,0.9604810996563574,65,44,9,0.20454545454545456
BA.1.17,C28368-,0.9604810996563574,65,44,9,0.20454545454545456
BA.1.17,A28369-,0.9604810996563574,65,44,9,0.20454545454545456
BA.1.17,G28880A,0.93184421534937,65,44,10,0.22727272727272727
BA.1.17,G28881A,0.93184421534937,65,44,10,0.22727272727272727
BA.1.17,G28882C,0.93184421534937,65,44,10,0.22727272727272727
BA.1.18,A2831G,1.0,65,44,8,0.18181818181818182
BA.1.18,C3036T,0.9973544973544973,65,44,44,1.0
BA.1.18,T5385G,1.0,65,44,8,0.18181818181818182
BA.1.18,C5729T,1.0,65,44,2,0.045454545454545456
BA.1.18,G6512-,1.0,65,44,8,0.18181818181818182
BA.1.18,T6513-,1.0,65,44,8,0.18181818181818182
BA.1.18,T6514-,0.9973544973544973,65,44,8,0.18181818181818182
BA.1.18,G8392A,0.9973544973544973,65,44,8,0.18181818181818182
BA.1.18,C10028T,0.9973544973544973,65,44,24,0.5454545454545454
BA.1.18,C10448A,0.9920634920634921,65,44,9,0.20454545454545456
BA.1.18,A11536G,1.0,65,44,8,0.18181818181818182
BA.1.18,T13194C,1.0,65,44,8,0.18181818181818182
BA.1.18,C14407T,1.0,65,44,44,1.0
BA.1.18,C15239T,1.0,65,44,8,0.18181818181818182
BA.1.18,A18162G,1.0,65,44,9,0.20454545454545456
BA.1.18,C21761T,1.0,65,44,8,0.18181818181818182
BA.1.18,T21764-,1.0,65,44,10,0.22727272727272727
BA.1.18,A21765-,1.0,65,44,10,0.22727272727272727
BA.1.18,C21766-,1.0,65,44,10,0.22727272727272727
BA.1.18,A21767-,1.0,65,44,10,0.22727272727272727
BA.1.18,T21768-,1.0,65,44,10,0.22727272727272727
BA.1.18,C21845T,1.0,65,44,13,0.29545454545454547
BA.1.18,G21986-,1.0,65,44,8,0.18181818181818182
BA.1.18,T21987-,1.0,65,44,8,0.18181818181818182
BA.1.18,G21988-,1.0,65,44,8,0.18181818181818182
BA.1.18,T21989-,1.0,65,44,8,0.18181818181818182
BA.1.18,T21990-,1.0,65,44,8,0.18181818181818182
BA.1.18,T21991-,1.0,65,44,9,0.20454545454545456
BA.1.18,A21992-,1.0,65,44,9,0.20454545454545456
BA.1.18,T21993-,1.0,65,44,9,0.20454545454545456
BA.1.18,T21994-,1.0,65,44,8,0.18181818181818182
BA.1.18,C23201A,1.0,65,44,8,0.18181818181818182
BA.1.18,A23402G,1.0,65,44,44,1.0
BA.1.18,C23524T,1.0,65,44,9,0.20454545454545456
BA.1.18,T23598G,1.0,65,44,9,0.20454545454545456
BA.1.18,C23603A,1.0,65,44,10,0.22727272727272727
BA.1.18,C23853A,0.9947089947089947,65,44,9,0.20454545454545456
BA.1.18,G23947T,1.0,65,44,9,0.20454545454545456
BA.1.18,C24129A,1.0,65,44,8,0.18181818181818182
BA.1.18,A24423T,1.0,65,44,9,0.20454545454545456
BA.1.18,T24468A,1.0,65,44,9,0.20454545454545456
BA.1.18,C24502T,1.0,65,44,8,0.18181818181818182
BA.1.18,C24999T,0.9973544973544973,65,44,9,0.20454545454545456
BA.1.18,C25583T,0.9894179894179894,65,44,9,0.20454545454545456
BA.1.18,G25854T,0.9497354497354498,65,44,1,0.022727272727272728
BA.1.18,C26269T,1.0,65,44,9,0.20454545454545456
BA.1.18,C26576G,0.9708994708994709,65,44,9,0.20454545454545456
BA.1.18,G26708A,0.9920634920634921,65,44,9,0.20454545454545456
BA.1.18,A27258C,1.0,65,44,9,0.20454545454545456
BA.1.18,C27806T,0.9947089947089947,65,44,9,0.20454545454545456
BA.1.18,A28270T,0.9920634920634921,65,44,9,0.20454545454545456
BA.1.18,C28310T,0.9894179894179894,65,44,9,0.20454545454545456
BA.1.18,G28361-,0.9920634920634921,65,44,9,0.20454545454545456
BA.1.18,A28362-,0.9920634920634921,65,44,9,0.20454545454545456
BA.1.18,G28363-,0.9920634920634921,65,44,9,0.20454545454545456
BA.1.18,A28364-,0.9920634920634921,65,44,9,0.20454545454545456
BA.1.18,A28365-,0.9920634920634921,65,44,9,0.20454545454545456
BA.1.18,C28366-,0.9920634920634921,65,44,9,0.20454545454545456
BA.1.18,G28367-,0.9920634920634921,65,44,9,0.20454545454545456
BA.1.18,C28368-,0.9920634920634921,65,44,9,0.20454545454545456
BA.1.18,A28369-,0.9920634920634921,65,44,9,0.20454545454545456
BA.1.18,G28880A,0.9629629629629629,65,44,10,0.22727272727272727
BA.1.18,G28881A,0.9629629629629629,65,44,10,0.22727272727272727
BA.1.18,G28882C,0.9629629629629629,65,44,10,0.22727272727272727
BA.1.18,G22577A,0.9894179894179894,65,44,9,0.20454545454545456
BA.1.1.1,A2831G,1.0,185,44,8,0.18181818181818182
BA.1.1.1,C3036T,1.0,185,44,44,1.0
BA.1.1.1,T5385G,1.0,185,44,8,0.18181818181818182
BA.1.1.1,G6512-,0.990909090909091,185,44,8,0.18181818181818182
BA.1.1.1,T6513-,0.990909090909091,185,44,8,0.18181818181818182
BA.1.1.1,T6514-,0.990909090909091,185,44,8,0.18181818181818182
BA.1.1.1,G8392A,1.0,185,44,8,0.18181818181818182
BA.1.1.1,C10028T,1.0,185,44,24,0.5454545454545454
BA.1.1.1,C10448A,1.0,185,44,9,0.20454545454545456
BA.1.1.1,G11290A,1.0,185,44,1,0.022727272727272728
BA.1.1.1,A11536G,1.0,185,44,8,0.18181818181818182
BA.1.1.1,T13194C,1.0,185,44,8,0.18181818181818182
BA.1.1.1,C14407T,1.0,185,44,44,1.0
BA.1.1.1,C15239T,1.0,185,44,8,0.18181818181818182
BA.1.1.1,A16063G,1.0,185,44,1,0.022727272727272728
BA.1.1.1,A18162G,1.0,185,44,9,0.20454545454545456
BA.1.1.1,C21761T,1.0,185,44,8,0.18181818181818182
BA.1.1.1,A21763-,1.0,185,44,1,0.022727272727272728
BA.1.1.1,T21764-,1.0,185,44,10,0.22727272727272727
BA.1.1.1,A21765-,1.0,185,44,10,0.22727272727272727
BA.1.1.1,C21766-,1.0,185,44,10,0.22727272727272727
BA.1.1.1,A21767-,1.0,185,44,10,0.22727272727272727
BA.1.1.1,T21768-,1.0,185,44,10,0.22727272727272727
BA.1.1.1,C21845T,0.990909090909091,185,44,13,0.29545454545454547
BA.1.1.1,G21986-,1.0,185,44,8,0.18181818181818182
BA.1.1.1,T21987-,1.0,185,44,8,0.18181818181818182
BA.1.1.1,G21988-,1.0,185,44,8,0.18181818181818182
BA.1.1.1,T21989-,1.0,185,44,8,0.18181818181818182
BA.1.1.1,T21990-,1.0,185,44,8,0.18181818181818182
BA.1.1.1,T21991-,1.0,185,44,9,0.20454545454545456
BA.1.1.1,A21992-,1.0,185,44,9,0.20454545454545456
BA.1.1.1,T21993-,1.0,185,44,9,0.20454545454545456
BA.1.1.1,T21994-,1.0,185,44,8,0.18181818181818182
BA.1.1.1,A22193-,1.0,185,44,1,0.022727272727272728
BA.1.1.1,T22194-,1.0,185,44,1,0.022727272727272728
BA.1.1.1,T22195-,1.0,185,44,1,0.022727272727272728
BA.1.1.1,G22577A,0.990909090909091,185,44,9,0.20454545454545456
BA.1.1.1,G22598A,0.9727272727272728,185,44,2,0.045454545454545456
BA.1.1.1,T22672C,0.9727272727272728,185,44,1,0.022727272727272728
BA.1.1.1,C22673T,0.9727272727272728,185,44,2,0.045454545454545456
BA.1.1.1,T22678C,0.9727272727272728,185,44,2,0.045454545454545456
BA.1.1.1,C22685T,0.9727272727272728,185,44,2,0.045454545454545456
BA.1.1.1,G22812T,1.0,185,44,2,0.045454545454545456
BA.1.1.1,T22881G,1.0,185,44,1,0.022727272727272728
BA.1.1.1,G22897A,1.0,185,44,1,0.022727272727272728
BA.1.1.1,G22991A,0.9181818181818182,185,44,3,0.06818181818181818
BA.1.1.1,C22994A,0.9181818181818182,185,44,22,0.5
BA.1.1.1,A23012C,0.9181818181818182,185,44,2,0.045454545454545456
BA.1.1.1,C23201A,1.0,185,44,8,0.18181818181818182
BA.1.1.1,A23402G,1.0,185,44,44,1.0
BA.1.1.1,C23524T,1.0,185,44,9,0.20454545454545456
BA.1.1.1,T23598G,1.0,185,44,9,0.20454545454545456
BA.1.1.1,C23603A,1.0,185,44,10,0.22727272727272727
BA.1.1.1,C23853A,0.9818181818181818,185,44,9,0.20454545454545456
BA.1.1.1,G23947T,1.0,185,44,9,0.20454545454545456
BA.1.1.1,C24129A,1.0,185,44,8,0.18181818181818182
BA.1.1.1,A24423T,1.0,185,44,9,0.20454545454545456
BA.1.1.1,T24468A,1.0,185,44,9,0.20454545454545456
BA.1.1.1,C24502T,1.0,185,44,8,0.18181818181818182
BA.1.1.1,C24999T,1.0,185,44,9,0.20454545454545456
BA.1.1.1,C25583T,1.0,185,44,9,0.20454545454545456
BA.1.1.1,C26269T,1.0,185,44,9,0.20454545454545456
BA.1.1.1,A26529G,1.0,185,44,4,0.09090909090909091
BA.1.1.1,C26576G,0.9818181818181818,185,44,9,0.20454545454545456
BA.1.1.1,G26708A,1.0,185,44,9,0.20454545454545456
BA.1.1.1,A27258C,1.0,185,44,9,0.20454545454545456
BA.1.1.1,C27806T,1.0,185,44,9,0.20454545454545456
BA.1.1.1,A28270T,1.0,185,44,9,0.20454545454545456
BA.1.1.1,C28310T,1.0,185,44,9,0.20454545454545456
BA.1.1.1,G28361-,1.0,185,44,9,0.20454545454545456
BA.1.1.1,A28362-,1.0,185,44,9,0.20454545454545456
BA.1.1.1,G28363-,1.0,185,44,9,0.20454545454545456
BA.1.1.1,A28364-,1.0,185,44,9,0.20454545454545456
BA.1.1.1,A28365-,1.0,185,44,9,0.20454545454545456
BA.1.1.1,C28366-,1.0,185,44,9,0.20454545454545456
BA.1.1.1,G28367-,1.0,185,44,9,0.20454545454545456
BA.1.1.1,C28368-,1.0,185,44,9,0.20454545454545456
BA.1.1.1,A28369-,1.0,185,44,9,0.20454545454545456
BA.1.1.1,G28880A,1.0,185,44,10,0.22727272727272727
BA.1.1.1,G28881A,1.0,185,44,10,0.22727272727272727
BA.1.1.1,G28882C,1.0,185,44,10,0.22727272727272727
BA.1.10,A2831G,1.0,116,44,8,0.18181818181818182
BA.1.10,C3036T,1.0,116,44,44,1.0
BA.1.10,T5385G,1.0,116,44,8,0.18181818181818182
BA.1.10,C5729T,0.9808153477218226,116,44,2,0.045454545454545456
BA.1.10,G6512-,0.9976019184652278,116,44,8,0.18181818181818182
BA.1.10,T6513-,0.9976019184652278,116,44,8,0.18181818181818182
BA.1.10,T6514-,0.9976019184652278,116,44,8,0.18181818181818182
BA.1.10,G8392A,0.9976019184652278,116,44,8,0.18181818181818182
BA.1.10,C10028T,1.0,116,44,24,0.5454545454545454
BA.1.10,C10448A,1.0,116,44,9,0.20454545454545456
BA.1.10,A11536G,1.0,116,44,8,0.18181818181818182
BA.1.10,T13194C,1.0,116,44,8,0.18181818181818182
BA.1.10,C14407T,1.0,116,44,44,1.0
BA.1.10,C15239T,1.0,116,44,8,0.18181818181818182
BA.1.10,A17041G,1.0,116,44,1,0.022727272727272728
BA.1.10,A18162G,1.0,116,44,9,0.20454545454545456
BA.1.10,C21761T,1.0,116,44,8,0.18181818181818182
BA.1.10,T21764-,1.0,116,44,10,0.22727272727272727
BA.1.10,A21765-,1.0,116,44,10,0.22727272727272727
BA.1.10,C21766-,1.0,116,44,10,0.22727272727272727
BA.1.10,A21767-,1.0,116,44,10,0.22727272727272727
BA.1.10,T21768-,1.0,116,44,10,0.22727272727272727
BA.1.10,C21845T,0.9952038369304557,116,44,13,0.29545454545454547
BA.1.10,G21986-,1.0,116,44,8,0.18181818181818182
BA.1.10,T21987-,1.0,116,44,8,0.18181818181818182
BA.1.10,G21988-,1.0,116,44,8,0.18181818181818182
BA.1.10,T21989-,1.0,116,44,8,0.18181818181818182
BA.1.10,T21990-,1.0,116,44,8,0.18181818181818182
BA.1.10,T21991-,0.9976019184652278,116,44,9,0.20454545454545456
BA.1.10,A21992-,0.9976019184652278,116,44,9,0.20454545454545456
BA.1.10,T21993-,0.9976019184652278,116,44,9,0.20454545454545456
BA.1.10,T21994-,0.9976019184652278,116,44,8,0.18181818181818182
BA.1.10,G22577A,0.9952038369304557,116,44,9,0.20454545454545456
BA.1.10,C23201A,1.0,116,44,8,0.18181818181818182
BA.1.10,A23402G,1.0,116,44,44,1.0
BA.1.10,C23524T,1.0,116,44,9,0.20454545454545456
BA.1.10,T23598G,1.0,116,44,9,0.20454545454545456
BA.1.10,C23603A,1.0,116,44,10,0.22727272727272727
BA.1.10,C23853A,0.9952038369304557,116,44,9,0.20454545454545456
BA.1.10,G23947T,1.0,116,44,9,0.20454545454545456
BA.1.10,C24129A,1.0,116,44,8,0.18181818181818182
BA.1.10,A24423T,1.0,116,44,9,0.20454545454545456
BA.1.10,T24468A,1.0,116,44,9,0.20454545454545456
BA.1.10,C24502T,1.0,116,44,8,0.18181818181818182
BA.1.10,C24999T,1.0,116,44,9,0.20454545454545456
BA.1.10,C25583T,1.0,116,44,9,0.20454545454545456
BA.1.10,C26269T,1.0,116,44,9,0.20454545454545456
BA.1.10,C26576G,0.9904076738609112,116,44,9,0.20454545454545456
BA.1.10,G26708A,1.0,116,44,9,0.20454545454545456
BA.1.10,A27258C,1.0,116,44,9,0.20454545454545456
BA.1.10,C27806T,0.9928057553956835,116,44,9,0.20454545454545456
BA.1.10,A28270T,1.0,116,44,9,0.20454545454545456
BA.1.10,C28310T,1.0,116,44,9,0.20454545454545456
BA.1.10,G28361-,0.9976019184652278,116,44,9,0.20454545454545456
BA.1.10,A28362-,0.9976019184652278,116,44,9,0.20454545454545456
BA.1.10,G28363-,0.9976019184652278,116,44,9,0.20454545454545456
BA.1.10,A28364-,0.9976019184652278,116,44,9,0.20454545454545456
BA.1.10,A28365-,0.9976019184652278,116,44,9,0.20454545454545456
BA.1.10,C28366-,0.9976019184652278,116,44,9,0.20454545454545456
BA.1.10,G28367-,0.9976019184652278,116,44,9,0.20454545454545456
BA.1.10,C28368-,0.9976019184652278,116,44,9,0.20454545454545456
BA.1.10,A28369-,0.9976019184652278,116,44,9,0.20454545454545456
BA.1.10,G28880A,0.9832134292565947,116,44,10,0.22727272727272727
BA.1.10,G28881A,0.9832134292565947,116,44,10,0.22727272727272727
BA.1.10,G28882C,0.9832134292565947,116,44,10,0.22727272727272727
AY.111,C3036T,1.0,42,44,44,1.0
AY.111,G4180T,1.0,42,44,15,0.3409090909090909
AY.111,C4455T,1.0,42,44,1,0.022727272727272728
AY.111,C6401T,1.0,42,44,15,0.3409090909090909
AY.111,C7123T,1.0,42,44,15,0.3409090909090909
AY.111,C8985T,1.0,42,44,15,0.3409090909090909
AY.111,G9052T,1.0,42,44,14,0.3181818181818182
AY.111,C10028T,1.0,42,44,24,0.5454545454545454
AY.111,A11200G,1.0,42,44,15,0.3409090909090909
AY.111,A11331G,1.0,42,44,14,0.3181818181818182
AY.111,C14407T,1.0,42,44,44,1.0
AY.111,G15450A,1.0,42,44,19,0.4318181818181818
AY.111,C16465T,1.0,42,44,19,0.4318181818181818
AY.111,C19219T,1.0,42,44,15,0.3409090909090909
AY.111,C21845T,1.0,42,44,13,0.29545454545454547
AY.111,G21986A,1.0,42,44,5,0.11363636363636363
AY.111,A22028-,1.0,42,44,16,0.36363636363636365
AY.111,G22029-,1.0,42,44,16,0.36363636363636365
AY.111,T22030-,1.0,42,44,16,0.36363636363636365
AY.111,T22031-,1.0,42,44,16,0.36363636363636365
AY.111,C22032-,1.0,42,44,16,0.36363636363636365
AY.111,A22033-,1.0,42,44,16,0.36363636363636365
AY.111,T22916G,1.0,42,44,19,0.4318181818181818
AY.111,C22994A,1.0,42,44,22,0.5
AY.111,A23402G,1.0,42,44,44,1.0
AY.111,C23603G,1.0,42,44,19,0.4318181818181818
AY.111,G24409A,0.9913793103448276,42,44,18,0.4090909090909091
AY.111,C25468T,1.0,42,44,19,0.4318181818181818
AY.111,T26766C,1.0,42,44,19,0.4318181818181818
AY.111,C27751T,1.0,42,44,19,0.4318181818181818
AY.111,C27873T,1.0,42,44,15,0.3409090909090909
AY.111,G28247-,1.0,42,44,19,0.4318181818181818
AY.111,A28248-,1.0,42,44,19,0.4318181818181818
AY.111,T28249-,1.0,42,44,19,0.4318181818181818
AY.111,T28250-,1.0,42,44,19,0.4318181818181818
AY.111,T28251-,1.0,42,44,19,0.4318181818181818
AY.111,C28252-,1.0,42,44,19,0.4318181818181818
AY.111,A28270-,1.0,42,44,19,0.4318181818181818
AY.111,A28460G,1.0,42,44,18,0.4090909090909091
AY.111,G28880T,1.0,42,44,19,0.4318181818181818
AY.111,G28915T,1.0,42,44,15,0.3409090909090909
AY.111,G29401T,1.0,42,44,19,0.4318181818181818
